{
	"credit": "Made with Blockbench",
	"textures": {
		"2": "block/PoliceRevolver/Misc",
		"15": "block/PoliceRevolver/Grip",
		"19": "block/PoliceRevolver/Sight",
		"21": "block/PoliceRevolver/Misc2",
		"24": "block/PoliceRevolver/Foreguard",
		"26": "block/PoliceRevolver/Barrel"
	},
	"elements": [
		{
			"name": "Ironsight",
			"from": [8.5, 6, 6],
			"to": [8.5, 6.5, 7],
			"rotation": {"angle": 0, "axis": "y", "origin": [8.5, 7, 9.5]},
			"faces": {
				"north": {"uv": [0, 0, 0, 1], "texture": "#19"},
				"east": {"uv": [0, 0, 1, 1], "texture": "#19"},
				"south": {"uv": [0, 0, 0, 1], "texture": "#19"},
				"west": {"uv": [0, 1, 1, 2], "texture": "#19"},
				"up": {"uv": [0, 1, 0, 0], "texture": "#19"},
				"down": {"uv": [0, 0, 0, 1], "texture": "#19"}
			}
		},
		{
			"name": "Slide",
			"from": [7.8, 4.65, 7.85],
			"to": [9.15, 6.15, 10],
			"rotation": {"angle": 0, "axis": "y", "origin": [8.5, 4.9, 11.425]},
			"faces": {
				"north": {"uv": [0, 6, 2, 9], "texture": "#2"},
				"east": {"uv": [0, 0, 4, 3], "texture": "#2"},
				"south": {"uv": [6, 0, 8, 3], "texture": "#2"},
				"west": {"uv": [0, 3, 4, 6], "texture": "#2"},
				"up": {"uv": [6, 4, 4, 0], "texture": "#2"},
				"down": {"uv": [6, 4, 4, 8], "texture": "#2"}
			}
		},
		{
			"name": "Slide",
			"from": [8.25, 4.65, 6.85],
			"to": [8.75, 5.65, 9],
			"rotation": {"angle": 0, "axis": "y", "origin": [8.475, 5.4, 7.925]},
			"faces": {
				"north": {"uv": [0, 6, 2, 9], "texture": "#2"},
				"east": {"uv": [0, 0, 4, 3], "texture": "#2"},
				"south": {"uv": [6, 0, 8, 3], "texture": "#2"},
				"west": {"uv": [0, 3, 4, 6], "texture": "#2"},
				"up": {"uv": [6, 4, 4, 0], "texture": "#2"},
				"down": {"uv": [6, 4, 4, 8], "texture": "#2"}
			}
		},
		{
			"name": "Cylinder",
			"from": [7.85, 4.65, 7.95],
			"to": [9.1, 5.9, 9.95],
			"rotation": {"angle": -45, "axis": "z", "origin": [8.475, 5.275, 8.925]},
			"faces": {
				"north": {"uv": [0, 6, 2, 9], "texture": "#2"},
				"east": {"uv": [0, 0, 4, 3], "texture": "#2"},
				"south": {"uv": [6, 0, 8, 3], "texture": "#2"},
				"west": {"uv": [0, 3, 4, 6], "texture": "#2"},
				"up": {"uv": [6, 4, 4, 0], "texture": "#2"},
				"down": {"uv": [6, 4, 4, 8], "texture": "#2"}
			}
		},
		{
			"name": "Barrel",
			"from": [8, 4.975, 5.5],
			"to": [9, 5.975, 8.75],
			"rotation": {"angle": 0, "axis": "y", "origin": [8.5, 4.9, 5.425]},
			"faces": {
				"north": {"uv": [2, 2, 3, 3], "texture": "#26"},
				"east": {"uv": [0, 0, 3, 1], "texture": "#26"},
				"south": {"uv": [3, 0, 4, 1], "texture": "#26"},
				"west": {"uv": [0, 1, 3, 2], "texture": "#26"},
				"up": {"uv": [1, 5, 0, 2], "texture": "#26"},
				"down": {"uv": [2, 2, 1, 5], "texture": "#26"}
			}
		},
		{
			"name": "Front Nub",
			"from": [8.1, 4, 8],
			"to": [8.85, 4.75, 8.25],
			"rotation": {"angle": 0, "axis": "y", "origin": [8.5, 4.9, 8.425]},
			"faces": {
				"north": {"uv": [0, 0, 1, 1], "texture": "#24"},
				"east": {"uv": [0, 1, 1, 2], "texture": "#24"},
				"south": {"uv": [1, 0, 2, 1], "texture": "#24"},
				"west": {"uv": [1, 1, 2, 2], "texture": "#24"},
				"up": {"uv": [1, 3, 0, 2], "texture": "#24"},
				"down": {"uv": [3, 0, 2, 1], "texture": "#24"}
			}
		},
		{
			"name": "Grip Backing",
			"from": [8.15, 5.075, 10],
			"to": [8.9, 5.575, 11],
			"rotation": {"angle": -22.5, "axis": "x", "origin": [8.5, 4.9, 10.425]},
			"faces": {
				"north": {"uv": [3, 2, 2, 3], "rotation": 180, "texture": "#21"},
				"east": {"uv": [1, 0, 2, 2], "rotation": 270, "texture": "#21"},
				"south": {"uv": [2, 3, 1, 2], "texture": "#21"},
				"west": {"uv": [2, 0, 3, 2], "rotation": 90, "texture": "#21"},
				"up": {"uv": [0, 0, 1, 2], "rotation": 180, "texture": "#21"},
				"down": {"uv": [0, 2, 1, 4], "texture": "#21"}
			}
		},
		{
			"name": "Backplate",
			"from": [8, 5.25, 9.75],
			"to": [9, 5.85, 10.25],
			"rotation": {"angle": 0, "axis": "y", "origin": [8.5, 4.9, 10.425]},
			"faces": {
				"north": {"uv": [0, 0, 1, 2], "texture": "#21"},
				"east": {"uv": [1, 0, 2, 2], "texture": "#21"},
				"south": {"uv": [0, 2, 1, 4], "texture": "#21"},
				"west": {"uv": [2, 0, 3, 2], "texture": "#21"},
				"up": {"uv": [2, 3, 1, 2], "texture": "#21"},
				"down": {"uv": [3, 2, 2, 3], "texture": "#21"}
			}
		},
		{
			"name": "Left Rear Sight",
			"from": [8, 5.85, 8.775],
			"to": [8.35, 6.35, 9.775],
			"rotation": {"angle": 0, "axis": "y", "origin": [8.5, 5.9, 8.425]},
			"faces": {
				"north": {"uv": [3, 2, 2, 3], "rotation": 180, "texture": "#21"},
				"east": {"uv": [1, 0, 2, 2], "rotation": 270, "texture": "#21"},
				"south": {"uv": [2, 3, 1, 2], "texture": "#21"},
				"west": {"uv": [2, 0, 3, 2], "rotation": 90, "texture": "#21"},
				"up": {"uv": [0, 0, 1, 2], "rotation": 180, "texture": "#21"},
				"down": {"uv": [0, 2, 1, 4], "texture": "#21"}
			}
		},
		{
			"name": "Right Rear Sight",
			"from": [8.65, 5.85, 8.775],
			"to": [9, 6.35, 9.775],
			"rotation": {"angle": 0, "axis": "y", "origin": [9.5, 5.9, 8.425]},
			"faces": {
				"north": {"uv": [3, 2, 2, 3], "rotation": 180, "texture": "#21"},
				"east": {"uv": [1, 0, 2, 2], "rotation": 270, "texture": "#21"},
				"south": {"uv": [2, 3, 1, 2], "texture": "#21"},
				"west": {"uv": [2, 0, 3, 2], "rotation": 90, "texture": "#21"},
				"up": {"uv": [0, 0, 1, 2], "rotation": 180, "texture": "#21"},
				"down": {"uv": [0, 2, 1, 4], "texture": "#21"}
			}
		},
		{
			"name": "Trigger Guard",
			"from": [7.9, 3.75, 8.25],
			"to": [9.05, 4.25, 9.75],
			"rotation": {"angle": 0, "axis": "y", "origin": [8.5, 4, 9]},
			"faces": {
				"north": {"uv": [2, 3, 1, 2], "rotation": 180, "texture": "#21"},
				"east": {"uv": [1, 0, 2, 2], "rotation": 90, "texture": "#21"},
				"south": {"uv": [3, 2, 2, 3], "texture": "#21"},
				"west": {"uv": [2, 0, 3, 2], "rotation": 270, "texture": "#21"},
				"up": {"uv": [0, 2, 1, 4], "texture": "#21"},
				"down": {"uv": [0, 0, 1, 2], "rotation": 180, "texture": "#21"}
			}
		},
		{
			"name": "Handle",
			"from": [8, 2, 10],
			"to": [9, 5, 11.5],
			"rotation": {"angle": -22.5, "axis": "x", "origin": [8.5, 2, 10.5]},
			"faces": {
				"north": {"uv": [0, 0, 1, 5], "texture": "#15"},
				"east": {"uv": [1, 0, 2, 5], "texture": "#15"},
				"south": {"uv": [2, 0, 3, 5], "texture": "#15"},
				"west": {"uv": [3, 0, 4, 5], "texture": "#15"},
				"up": {"uv": [5, 1, 4, 0], "texture": "#15"},
				"down": {"uv": [5, 1, 4, 2], "texture": "#15"}
			}
		}
	],
	"display": {
		"thirdperson_righthand": {
			"translation": [0, 5.5, -2.25],
			"scale": [1.25, 1.25, 1.25]
		},
		"thirdperson_lefthand": {
			"translation": [0, 5.5, -2.25],
			"scale": [1.25, 1.25, 1.25]
		},
		"firstperson_righthand": {
			"translation": [-10, 11.75, -2.75],
			"scale": [2, 2, 1.4]
		},
		"firstperson_lefthand": {
			"translation": [-8, 11.75, -2.75],
			"scale": [2, 2, 1.4]
		},
		"ground": {
			"rotation": [0, 0, 90],
			"translation": [-6.75, -5.5, 0],
			"scale": [1.75, 1.75, 1.75]
		},
		"gui": {
			"rotation": [0, 90, 0],
			"translation": [0, 5, 0]
		},
		"head": {
			"rotation": [-103, 0, 0],
			"translation": [8.5, -29.25, -5.5],
			"scale": [2, 2, 2]
		},
		"fixed": {
			"rotation": [0, 90, 0],
			"translation": [0, 16.25, 0],
			"scale": [4, 4, 4]
		}
	},
	"groups": [
		{
			"name": "Guard",
			"origin": [8.5, 3, 11.5],
			"color": 0,
			"children": []
		},
		{
			"name": "Extras",
			"origin": [8.5, 7, 3.5],
			"color": 0,
			"children": [0]
		},
		{
			"name": "Main",
			"origin": [8.5, 3, 2.5],
			"color": 0,
			"children": [1, 2, 3, 4, 5, 6, 7, 8, 9, 10]
		},
		{
			"name": "Stock",
			"origin": [8.5, 2, 11.5],
			"color": 0,
			"children": [11]
		}
	]
}