{
	"credit": "Made with Blockbench",
	"textures": {
		"0": "block/Trashcan/1",
		"1": "block/Trashcan/2",
		"2": "block/Trashcan/3",
		"3": "block/Trashcan/4",
		"4": "block/Trashcan/5",
		"5": "block/Trashcan/6",
		"6": "block/Trashcan/7",
		"7": "block/Trashcan/8",
		"8": "block/Trashcan/9",
		"particle": "block/Trashcan/1"
	},
	"elements": [
		{
			"name": "Wall1",
			"from": [1, 0, 1],
			"to": [15, 13, 3],
			"faces": {
				"north": {"uv": [0, 0, 3.5, 5], "texture": "#0"},
				"east": {"uv": [0, 5, 0.25, 10], "texture": "#0"},
				"south": {"uv": [3.5, 0, 7, 5], "texture": "#0"},
				"west": {"uv": [0.25, 5, 0.5, 10], "texture": "#0"},
				"up": {"uv": [4, 5.25, 0.5, 5], "texture": "#0"},
				"down": {"uv": [7.5, 5, 4, 5.25], "texture": "#0"}
			}
		},
		{
			"name": "Wall2",
			"from": [1, 0, 13],
			"to": [15, 13, 15],
			"rotation": {"angle": 0, "axis": "y", "origin": [0, 0, 13]},
			"faces": {
				"north": {"uv": [0, 0, 3.5, 5], "texture": "#1"},
				"east": {"uv": [0, 5, 0.25, 10], "texture": "#1"},
				"south": {"uv": [3.5, 0, 7, 5], "texture": "#1"},
				"west": {"uv": [0.25, 5, 0.5, 10], "texture": "#1"},
				"up": {"uv": [4, 5.25, 0.5, 5], "texture": "#1"},
				"down": {"uv": [7.5, 5, 4, 5.25], "texture": "#1"}
			}
		},
		{
			"name": "Wall3",
			"from": [0.9, 0, 2],
			"to": [2.9, 13, 14],
			"faces": {
				"north": {"uv": [0, 5, 0.25, 10], "texture": "#2"},
				"east": {"uv": [0, 0, 3, 5], "texture": "#2"},
				"south": {"uv": [0.25, 5, 0.5, 10], "texture": "#2"},
				"west": {"uv": [3, 0, 6, 5], "texture": "#2"},
				"up": {"uv": [0.75, 8, 0.5, 5], "texture": "#2"},
				"down": {"uv": [1, 5, 0.75, 8], "texture": "#2"}
			}
		},
		{
			"name": "Wall4",
			"from": [13.1, 0, 2],
			"to": [15.1, 13, 14],
			"rotation": {"angle": 0, "axis": "y", "origin": [13, 0, 0]},
			"faces": {
				"north": {"uv": [0, 5, 0.25, 10], "texture": "#3"},
				"east": {"uv": [0, 0, 3, 5], "texture": "#3"},
				"south": {"uv": [0.25, 5, 0.5, 10], "texture": "#3"},
				"west": {"uv": [3, 0, 6, 5], "texture": "#3"},
				"up": {"uv": [0.75, 8, 0.5, 5], "texture": "#3"},
				"down": {"uv": [1, 5, 0.75, 8], "texture": "#3"}
			}
		},
		{
			"name": "Base",
			"from": [1, -1, 1],
			"to": [15, 0, 15],
			"faces": {
				"north": {"uv": [7, 0, 14, 0.5], "texture": "#4"},
				"east": {"uv": [7, 0.5, 14, 1], "texture": "#4"},
				"south": {"uv": [7, 1, 14, 1.5], "texture": "#4"},
				"west": {"uv": [7, 1.5, 14, 2], "texture": "#4"},
				"up": {"uv": [7, 7, 0, 0], "texture": "#4"},
				"down": {"uv": [7, 7, 0, 14], "texture": "#4"}
			}
		},
		{
			"name": "Rim1",
			"from": [0, 13, 0],
			"to": [16, 14, 2],
			"rotation": {"angle": 0, "axis": "y", "origin": [0, 14, -14]},
			"faces": {
				"north": {"uv": [0, 4, 16, 5], "texture": "#5"},
				"east": {"uv": [0, 6, 2, 7], "texture": "#5"},
				"south": {"uv": [0, 5, 16, 6], "texture": "#5"},
				"west": {"uv": [2, 6, 4, 7], "texture": "#5"},
				"up": {"uv": [16, 2, 0, 0], "texture": "#5"},
				"down": {"uv": [16, 2, 0, 4], "texture": "#5"}
			}
		},
		{
			"name": "Rim2",
			"from": [0, 13, 14],
			"to": [16, 14, 16],
			"rotation": {"angle": 0, "axis": "y", "origin": [0, 14, 0]},
			"faces": {
				"north": {"uv": [0, 4, 16, 5], "texture": "#6"},
				"east": {"uv": [0, 6, 2, 7], "texture": "#6"},
				"south": {"uv": [0, 5, 16, 6], "texture": "#6"},
				"west": {"uv": [2, 6, 4, 7], "texture": "#6"},
				"up": {"uv": [16, 2, 0, 0], "texture": "#6"},
				"down": {"uv": [16, 2, 0, 4], "texture": "#6"}
			}
		},
		{
			"name": "Rim3",
			"from": [0, 13, 2],
			"to": [2, 14, 14],
			"rotation": {"angle": 0, "axis": "y", "origin": [0, 14, 0]},
			"faces": {
				"north": {"uv": [4, 2, 6, 3], "texture": "#7"},
				"east": {"uv": [4, 0, 16, 1], "texture": "#7"},
				"south": {"uv": [4, 3, 6, 4], "texture": "#7"},
				"west": {"uv": [4, 1, 16, 2], "texture": "#7"},
				"up": {"uv": [2, 12, 0, 0], "texture": "#7"},
				"down": {"uv": [4, 0, 2, 12], "texture": "#7"}
			}
		},
		{
			"name": "Rim4",
			"from": [14, 13, 2],
			"to": [16, 14, 14],
			"rotation": {"angle": 0, "axis": "y", "origin": [14, 14, 0]},
			"faces": {
				"north": {"uv": [4, 2, 6, 3], "texture": "#8"},
				"east": {"uv": [4, 0, 16, 1], "texture": "#8"},
				"south": {"uv": [4, 3, 6, 4], "texture": "#8"},
				"west": {"uv": [4, 1, 16, 2], "texture": "#8"},
				"up": {"uv": [2, 12, 0, 0], "texture": "#8"},
				"down": {"uv": [4, 0, 2, 12], "texture": "#8"}
			}
		}
	],
	"display": {
		"thirdperson_righthand": {
			"translation": [0, -6, -3.25],
			"scale": [0.5, 0.5, 0.5]
		},
		"thirdperson_lefthand": {
			"translation": [0, -6, -3.25],
			"scale": [0.5, 0.5, 0.5]
		},
		"firstperson_righthand": {
			"scale": [0.5, 0.5, 0.5]
		},
		"firstperson_lefthand": {
			"scale": [0.5, 0.5, 0.5]
		},
		"ground": {
			"translation": [0, 3.25, 0],
			"scale": [0.5, 0.5, 0.5]
		},
		"gui": {
			"rotation": [0, 75, 0],
			"translation": [0, -1, 0],
			"scale": [0.5, 0.5, 0.5]
		},
		"fixed": {
			"translation": [0, 6, 16.25],
			"scale": [2.35, 2.35, 2.35]
		}
	}
}