{
	"credit": "Made with Blockbench",
	"textures": {
		"0": "block/FuseBox/1",
		"1": "block/FuseBox/2",
		"2": "block/FuseBox/3",
		"3": "block/FuseBox/4",
		"4": "block/FuseBox/5",
		"5": "block/FuseBox/6",
		"6": "block/FuseBox/7",
		"7": "block/FuseBox/8",
		"particle": "block/FuseBox/1"
	},
	"elements": [
		{
			"name": "Baseplate",
			"from": [1, 0, 0],
			"to": [15, 1, 14],
			"faces": {
				"north": {"uv": [7, 0, 14, 0.5], "texture": "#0"},
				"east": {"uv": [7, 0.5, 14, 1], "texture": "#0"},
				"south": {"uv": [7, 1, 14, 1.5], "texture": "#0"},
				"west": {"uv": [7, 1.5, 14, 2], "texture": "#0"},
				"up": {"uv": [7, 7, 0, 0], "texture": "#0"},
				"down": {"uv": [7, 7, 0, 14], "texture": "#0"}
			}
		},
		{
			"name": "FuseHolder1",
			"from": [2, 1, 1],
			"to": [4, 2, 6],
			"faces": {
				"north": {"uv": [4, 2, 6, 3], "texture": "#2"},
				"east": {"uv": [4, 0, 9, 1], "texture": "#2"},
				"south": {"uv": [4, 3, 6, 4], "texture": "#2"},
				"west": {"uv": [4, 1, 9, 2], "texture": "#2"},
				"up": {"uv": [2, 5, 0, 0], "texture": "#2"},
				"down": {"uv": [4, 0, 2, 5], "texture": "#2"}
			}
		},
		{
			"name": "FuseHolder2",
			"from": [12, 1, 1],
			"to": [14, 2, 6],
			"rotation": {"angle": 0, "axis": "y", "origin": [10, 0, 0]},
			"faces": {
				"north": {"uv": [4, 2, 6, 3], "texture": "#1"},
				"east": {"uv": [4, 0, 9, 1], "texture": "#1"},
				"south": {"uv": [4, 3, 6, 4], "texture": "#1"},
				"west": {"uv": [4, 1, 9, 2], "texture": "#1"},
				"up": {"uv": [2, 5, 0, 0], "texture": "#1"},
				"down": {"uv": [4, 0, 2, 5], "texture": "#1"}
			}
		},
		{
			"name": "Plate",
			"from": [2, 1, 10],
			"to": [14, 2, 13],
			"rotation": {"angle": 0, "axis": "y", "origin": [10, 0, 0]},
			"faces": {
				"north": {"uv": [0, 6, 12, 7], "texture": "#3"},
				"east": {"uv": [0, 8, 3, 9], "texture": "#3"},
				"south": {"uv": [0, 7, 12, 8], "texture": "#3"},
				"west": {"uv": [3, 8, 6, 9], "texture": "#3"},
				"up": {"uv": [12, 3, 0, 0], "texture": "#3"},
				"down": {"uv": [12, 3, 0, 6], "texture": "#3"}
			}
		},
		{
			"name": "Button1",
			"from": [12, 1, 7],
			"to": [14, 2, 9],
			"rotation": {"angle": 0, "axis": "y", "origin": [10, 0, 0]},
			"faces": {
				"north": {"uv": [2, 0, 4, 1], "texture": "#4"},
				"east": {"uv": [2, 1, 4, 2], "texture": "#4"},
				"south": {"uv": [2, 2, 4, 3], "texture": "#4"},
				"west": {"uv": [2, 3, 4, 4], "texture": "#4"},
				"up": {"uv": [2, 2, 0, 0], "texture": "#4"},
				"down": {"uv": [2, 2, 0, 4], "texture": "#4"}
			}
		},
		{
			"name": "Button2",
			"from": [9, 1, 7],
			"to": [11, 2, 9],
			"rotation": {"angle": 0, "axis": "y", "origin": [7, 0, 0]},
			"faces": {
				"north": {"uv": [2, 0, 4, 1], "texture": "#5"},
				"east": {"uv": [2, 1, 4, 2], "texture": "#5"},
				"south": {"uv": [2, 2, 4, 3], "texture": "#5"},
				"west": {"uv": [2, 3, 4, 4], "texture": "#5"},
				"up": {"uv": [2, 2, 0, 0], "texture": "#5"},
				"down": {"uv": [2, 2, 0, 4], "texture": "#5"}
			}
		},
		{
			"name": "Button3",
			"from": [6, 1, 7],
			"to": [8, 2, 9],
			"rotation": {"angle": 0, "axis": "y", "origin": [4, 0, 0]},
			"faces": {
				"north": {"uv": [2, 0, 4, 1], "texture": "#6"},
				"east": {"uv": [2, 1, 4, 2], "texture": "#6"},
				"south": {"uv": [2, 2, 4, 3], "texture": "#6"},
				"west": {"uv": [2, 3, 4, 4], "texture": "#6"},
				"up": {"uv": [2, 2, 0, 0], "texture": "#6"},
				"down": {"uv": [2, 2, 0, 4], "texture": "#6"}
			}
		},
		{
			"name": "Button4",
			"from": [3, 1, 7],
			"to": [5, 2, 9],
			"rotation": {"angle": 0, "axis": "y", "origin": [1, 0, 0]},
			"faces": {
				"north": {"uv": [2, 0, 4, 1], "texture": "#7"},
				"east": {"uv": [2, 1, 4, 2], "texture": "#7"},
				"south": {"uv": [2, 2, 4, 3], "texture": "#7"},
				"west": {"uv": [2, 3, 4, 4], "texture": "#7"},
				"up": {"uv": [2, 2, 0, 0], "texture": "#7"},
				"down": {"uv": [2, 2, 0, 4], "texture": "#7"}
			}
		}
	],
	"display": {
		"thirdperson_righthand": {
			"translation": [0, 2, 0],
			"scale": [0.5, 0.5, 0.5]
		},
		"thirdperson_lefthand": {
			"translation": [0, 2, 0],
			"scale": [0.5, 0.5, 0.5]
		},
		"firstperson_righthand": {
			"translation": [0, 6.5, 0]
		},
		"firstperson_lefthand": {
			"translation": [0, 6.5, 0]
		},
		"ground": {
			"translation": [0, 3.75, 0],
			"scale": [0.75, 0.75, 0.75]
		},
		"gui": {
			"rotation": [90, 180, 0],
			"translation": [0, 1, 0]
		},
		"head": {
			"rotation": [-90, 0, 0],
			"translation": [0, 0.75, -14]
		},
		"fixed": {
			"rotation": [-90, 0, 0],
			"translation": [0, 0, -16],
			"scale": [2, 2, 2]
		}
	}
}