{
	"credit": "Made with Blockbench",
	"texture_size": [8, 8],
	"textures": {
		"0": "block/TerminalBroken/1",
		"1": "block/TerminalBroken/2",
		"2": "block/TerminalBroken/3",
		"3": "block/TerminalBroken/4",
		"4": "block/TerminalBroken/5",
		"5": "block/TerminalBroken/6",
		"6": "block/TerminalBroken/7",
		"7": "block/TerminalBroken/8",
		"8": "block/TerminalBroken/9",
		"9": "block/TerminalBroken/10",
		"10": "block/TerminalBroken/11",
		"11": "block/TerminalBroken/12",
		"12": "block/TerminalBroken/13",
		"13": "block/TerminalBroken/41",
		"particle": "block/TerminalBroken/1"
	},
	"elements": [
		{
			"name": "Bod",
			"from": [0, 0, 4],
			"to": [16, 14, 15],
			"faces": {
				"north": {"uv": [0, 0, 4, 3.5], "texture": "#0"},
				"east": {"uv": [4, 5.5, 6.75, 9], "texture": "#0"},
				"south": {"uv": [0, 3.5, 4, 7], "texture": "#0"},
				"west": {"uv": [6.75, 5.5, 9.5, 9], "texture": "#0"},
				"up": {"uv": [8, 2.75, 4, 0], "texture": "#0"},
				"down": {"uv": [8, 2.75, 4, 5.5], "texture": "#0"}
			}
		},
		{
			"name": "Backplate",
			"from": [0, 4, 15],
			"to": [16, 12, 16],
			"faces": {
				"north": {"uv": [0, 0, 8, 4], "texture": "#1"},
				"east": {"uv": [8, 0.5, 8.5, 4.5], "texture": "#1"},
				"south": {"uv": [0, 4, 8, 8], "texture": "#1"},
				"west": {"uv": [8, 4.5, 8.5, 8.5], "texture": "#1"},
				"up": {"uv": [8, 8.5, 0, 8], "texture": "#1"},
				"down": {"uv": [16, 0, 8, 0.5], "texture": "#1"}
			}
		},
		{
			"name": "Frontbase",
			"from": [0, 0, 0],
			"to": [16, 2, 4],
			"faces": {
				"north": {"uv": [0, 8, 16, 10], "texture": "#2"},
				"east": {"uv": [0, 12, 4, 14], "texture": "#2"},
				"south": {"uv": [0, 10, 16, 12], "texture": "#2"},
				"west": {"uv": [4, 12, 8, 14], "texture": "#2"},
				"up": {"uv": [16, 4, 0, 0], "texture": "#2"},
				"down": {"uv": [16, 4, 0, 8], "texture": "#2"}
			}
		},
		{
			"name": "Keys",
			"from": [1, 3.5, -0.5],
			"to": [15, 4.5, 4.5],
			"rotation": {"angle": -45, "axis": "x", "origin": [8, 4, 3.5]},
			"faces": {
				"north": {"uv": [0, 10, 14, 11], "texture": "#3"},
				"east": {"uv": [0, 12, 5, 13], "texture": "#3"},
				"south": {"uv": [0, 11, 14, 12], "texture": "#3"},
				"west": {"uv": [5, 12, 10, 13], "texture": "#3"},
				"up": {"uv": [14, 5, 0, 0], "texture": "#3"},
				"down": {"uv": [14, 5, 0, 10], "texture": "#3"}
			}
		},
		{
			"name": "Keyplate",
			"from": [1.1, 2, 2],
			"to": [14.85, 4, 5],
			"rotation": {"angle": -45, "axis": "x", "origin": [2, 3, 4]},
			"faces": {
				"north": {"uv": [0, 6, 14, 8], "texture": "#4"},
				"east": {"uv": [0, 10, 3, 12], "texture": "#4"},
				"south": {"uv": [0, 8, 14, 10], "texture": "#4"},
				"west": {"uv": [3, 10, 6, 12], "texture": "#4"},
				"up": {"uv": [14, 3, 0, 0], "texture": "#4"},
				"down": {"uv": [14, 3, 0, 6], "texture": "#4"}
			}
		},
		{
			"name": "InnerBottom",
			"from": [2, 3, 4],
			"to": [14, 4, 12],
			"rotation": {"angle": 0, "axis": "y", "origin": [5, 3, 7]},
			"faces": {
				"north": {"uv": [6, 0, 12, 1], "texture": "#5"},
				"east": {"uv": [6, 2, 9.5, 3], "texture": "#5"},
				"south": {"uv": [6, 1, 12, 2], "texture": "#5"},
				"west": {"uv": [6, 3, 9.5, 4], "texture": "#5"},
				"up": {"uv": [6, 3.5, 0, 0], "texture": "#5"},
				"down": {"uv": [6, 3.5, 0, 7], "texture": "#5"}
			}
		},
		{
			"name": "Inner1",
			"from": [2, 4, 4],
			"to": [2, 13, 12],
			"faces": {
				"north": {"uv": [0, 0, 0, 8], "texture": "#6"},
				"east": {"uv": [0, 0, 8, 8], "texture": "#6"},
				"south": {"uv": [0, 0, 0, 8], "texture": "#6"},
				"west": {"uv": [0, 8, 8, 16], "texture": "#6"},
				"up": {"uv": [0, 8, 0, 0], "texture": "#6"},
				"down": {"uv": [0, 0, 0, 8], "texture": "#6"}
			}
		},
		{
			"name": "Inner2",
			"from": [14, 4, 4],
			"to": [14, 13, 12],
			"rotation": {"angle": 0, "axis": "y", "origin": [12, 0, 0]},
			"faces": {
				"north": {"uv": [0, 0, 0, 8], "texture": "#8"},
				"east": {"uv": [0, 0, 8, 8], "texture": "#8"},
				"south": {"uv": [0, 0, 0, 8], "texture": "#8"},
				"west": {"uv": [0, 8, 8, 16], "texture": "#8"},
				"up": {"uv": [0, 8, 0, 0], "texture": "#8"},
				"down": {"uv": [0, 0, 0, 8], "texture": "#8"}
			}
		},
		{
			"name": "Inner3",
			"from": [1.5, 4, 11.5],
			"to": [14.5, 13, 11.5],
			"rotation": {"angle": 0, "axis": "y", "origin": [11, 9, 11.5]},
			"faces": {
				"north": {"uv": [0, 0, 13, 8], "texture": "#7"},
				"east": {"uv": [0, 0, 0, 8], "texture": "#7"},
				"south": {"uv": [0, 8, 13, 16], "texture": "#7"},
				"west": {"uv": [0, 0, 0, 8], "texture": "#7"},
				"up": {"uv": [13, 0, 0, 0], "texture": "#7"},
				"down": {"uv": [13, 0, 0, 0], "texture": "#7"}
			}
		},
		{
			"name": "InnerTop",
			"from": [1.5, 13, 4.5],
			"to": [14.5, 13, 13.5],
			"rotation": {"angle": 0, "axis": "x", "origin": [8, 13, 8.5]},
			"faces": {
				"north": {"uv": [0, 0, 6.5, 0], "texture": "#9"},
				"east": {"uv": [0, 0, 4.5, 0], "texture": "#9"},
				"south": {"uv": [0, 0, 6.5, 0], "texture": "#9"},
				"west": {"uv": [0, 0, 4.5, 0], "texture": "#9"},
				"up": {"uv": [6.5, 4.5, 0, 0], "texture": "#9"},
				"down": {"uv": [6.5, 4.5, 0, 9], "texture": "#9"}
			}
		},
		{
			"name": "GutsBod",
			"from": [3, 2, 5],
			"to": [10, 6, 11],
			"rotation": {"angle": 0, "axis": "y", "origin": [3, 2, 6]},
			"faces": {
				"north": {"uv": [7, 0, 14, 4], "texture": "#10"},
				"east": {"uv": [7, 8, 13, 12], "texture": "#10"},
				"south": {"uv": [7, 4, 14, 8], "texture": "#10"},
				"west": {"uv": [0, 12, 6, 16], "texture": "#10"},
				"up": {"uv": [7, 6, 0, 0], "texture": "#10"},
				"down": {"uv": [7, 6, 0, 12], "texture": "#10"}
			}
		},
		{
			"name": "GutsSide",
			"from": [11, 4, 5],
			"to": [14, 7, 11],
			"rotation": {"angle": 0, "axis": "y", "origin": [3, 2, 6]},
			"faces": {
				"north": {"uv": [9, 0, 12, 5], "texture": "#11"},
				"east": {"uv": [0, 0, 6, 5], "texture": "#11"},
				"south": {"uv": [9, 5, 12, 10], "texture": "#11"},
				"west": {"uv": [0, 5, 6, 10], "texture": "#11"},
				"up": {"uv": [9, 6, 6, 0], "texture": "#11"},
				"down": {"uv": [9, 6, 6, 12], "texture": "#11"}
			}
		},
		{
			"name": "GutsTip",
			"from": [3, 6, 6],
			"to": [5, 8, 10],
			"rotation": {"angle": 0, "axis": "y", "origin": [-1, 2, 6]},
			"faces": {
				"north": {"uv": [0, 6, 2, 12], "texture": "#12"},
				"east": {"uv": [0, 0, 4, 6], "texture": "#12"},
				"south": {"uv": [2, 6, 4, 12], "texture": "#12"},
				"west": {"uv": [4, 0, 8, 6], "texture": "#12"},
				"up": {"uv": [6, 10, 4, 6], "texture": "#12"},
				"down": {"uv": [8, 6, 6, 10], "texture": "#12"}
			}
		},
		{
			"name": "GutsBauble1",
			"from": [7, 2, 7],
			"to": [9, 9, 7],
			"rotation": {"angle": 0, "axis": "y", "origin": [3, 2, 7]},
			"faces": {
				"north": {"uv": [0, 0, 4, 14], "texture": "#13"},
				"east": {"uv": [0, 0, 0, 14], "texture": "#13"},
				"south": {"uv": [4, 0, 8, 14], "texture": "#13"},
				"west": {"uv": [0, 0, 0, 14], "texture": "#13"},
				"up": {"uv": [4, 0, 0, 0], "texture": "#13"},
				"down": {"uv": [4, 0, 0, 0], "texture": "#13"}
			}
		},
		{
			"name": "GutsBauble2",
			"from": [7, 2, 9],
			"to": [9, 9, 9],
			"rotation": {"angle": 0, "axis": "y", "origin": [3, 2, 9]},
			"faces": {
				"north": {"uv": [0, 0, 4, 14], "texture": "#13"},
				"east": {"uv": [0, 0, 0, 14], "texture": "#13"},
				"south": {"uv": [0, 0, 4, 14], "texture": "#13"},
				"west": {"uv": [0, 0, 0, 14], "texture": "#13"},
				"up": {"uv": [0, 0, 4, 0], "texture": "#13"},
				"down": {"uv": [0, 0, 4, 0], "texture": "#13"}
			}
		}
	],
	"display": {
		"thirdperson_righthand": {
			"scale": [0.5, 0.5, 0.5]
		},
		"thirdperson_lefthand": {
			"scale": [0.5, 0.5, 0.5]
		},
		"firstperson_righthand": {
			"rotation": [0, 150, 0],
			"translation": [0, 4, 0]
		},
		"firstperson_lefthand": {
			"rotation": [0, 150, 0],
			"translation": [0, 4, 0],
			"scale": [0.5, 0.5, 0.5]
		},
		"ground": {
			"translation": [0, 6.25, 0]
		},
		"gui": {
			"rotation": [0, 180, 0]
		},
		"head": {
			"translation": [0, 1.75, -1.5],
			"scale": [1.25, 1.25, 1.25]
		},
		"fixed": {
			"rotation": [-90, 0, 0],
			"translation": [0, -1, -18],
			"scale": [2.25, 2.25, 2.25]
		}
	}
}