{
	"credit": "Made with Blockbench",
	"textures": {
		"0": "block/PipBoy3000MkV/Top",
		"1": "block/PipBoy3000MkV/Side2",
		"2": "block/PipBoy3000MkV/Side1",
		"3": "block/PipBoy3000MkV/Bottom",
		"5": "block/PipBoy3000MkV/TopPanel",
		"6": "block/PipBoy3000MkV/TopBand",
		"7": "block/PipBoy3000MkV/MenuToggle",
		"10": "block/PipBoy3000MkV/BottomBand",
		"11": "block/PipBoy3000MkV/MiddleBand",
		"12": "block/PipBoy3000MkV/Clasp",
		"13": "block/PipBoy3000MkV/Screen",
		"14": "block/PipBoy3000MkV/RadChannels",
		"15": "block/PipBoy3000MkV/FrontPanel",
		"particle": "block/PipBoy3000MkV/Top"
	},
	"elements": [
		{
			"name": "Bottom",
			"from": [5, 0, 6],
			"to": [11, 1, 12],
			"rotation": {"angle": 0, "axis": "y", "origin": [8.5, 0.5, 7.5]},
			"faces": {
				"north": {"uv": [6, 0, 12, 1], "texture": "#3"},
				"east": {"uv": [6, 1, 12, 2], "texture": "#3"},
				"south": {"uv": [6, 2, 12, 3], "texture": "#3"},
				"west": {"uv": [6, 3, 12, 4], "texture": "#3"},
				"up": {"uv": [6, 6, 0, 0], "texture": "#3"},
				"down": {"uv": [6, 6, 0, 12], "texture": "#3"}
			}
		},
		{
			"name": "Top",
			"from": [5, 5, 6],
			"to": [11, 6, 12],
			"rotation": {"angle": 0, "axis": "y", "origin": [8.5, 5.5, 7.5]},
			"faces": {
				"north": {"uv": [6, 0, 12, 1], "texture": "#0"},
				"east": {"uv": [6, 1, 12, 2], "texture": "#0"},
				"south": {"uv": [6, 2, 12, 3], "texture": "#0"},
				"west": {"uv": [6, 3, 12, 4], "texture": "#0"},
				"up": {"uv": [6, 6, 0, 0], "texture": "#0"},
				"down": {"uv": [6, 6, 0, 12], "texture": "#0"}
			}
		},
		{
			"name": "Side1",
			"from": [5, 1, 6],
			"to": [6, 5, 12],
			"rotation": {"angle": 0, "axis": "y", "origin": [8.5, 0.5, 7.5]},
			"faces": {
				"north": {"uv": [7, 0, 8, 4], "texture": "#2"},
				"east": {"uv": [0, 0, 6, 4], "texture": "#2"},
				"south": {"uv": [7, 4, 8, 8], "texture": "#2"},
				"west": {"uv": [0, 4, 6, 8], "texture": "#2"},
				"up": {"uv": [7, 6, 6, 0], "texture": "#2"},
				"down": {"uv": [7, 6, 6, 12], "texture": "#2"}
			}
		},
		{
			"name": "Side2",
			"from": [10, 1, 6],
			"to": [11, 5, 12],
			"rotation": {"angle": 0, "axis": "y", "origin": [13.5, 0.5, 7.5]},
			"faces": {
				"north": {"uv": [7, 0, 8, 4], "texture": "#1"},
				"east": {"uv": [0, 0, 6, 4], "texture": "#1"},
				"south": {"uv": [7, 4, 8, 8], "texture": "#1"},
				"west": {"uv": [0, 4, 6, 8], "texture": "#1"},
				"up": {"uv": [7, 6, 6, 0], "texture": "#1"},
				"down": {"uv": [7, 6, 6, 12], "texture": "#1"}
			}
		},
		{
			"name": "Screen",
			"from": [10.91421, 2.79289, 8],
			"to": [11.91421, 7.79289, 13],
			"rotation": {"angle": 22.5, "axis": "z", "origin": [11.41421, 5.29289, 10.5]},
			"faces": {
				"north": {"uv": [5, 0, 6, 5], "texture": "#13"},
				"east": {"uv": [0, 0, 5, 5], "texture": "#13"},
				"south": {"uv": [5, 5, 6, 10], "texture": "#13"},
				"west": {"uv": [0, 5, 5, 10], "texture": "#13"},
				"up": {"uv": [7, 5, 6, 0], "texture": "#13"},
				"down": {"uv": [7, 5, 6, 10], "texture": "#13"}
			}
		},
		{
			"name": "TopPanel",
			"from": [7.5, 6, 7],
			"to": [10.25, 7, 13],
			"rotation": {"angle": 0, "axis": "y", "origin": [8, 6, 8]},
			"faces": {
				"north": {"uv": [6, 1, 9, 2], "texture": "#5"},
				"east": {"uv": [0, 6, 6, 7], "texture": "#5"},
				"south": {"uv": [6, 2, 9, 3], "texture": "#5"},
				"west": {"uv": [6, 0, 12, 1], "texture": "#5"},
				"up": {"uv": [3, 6, 0, 0], "texture": "#5"},
				"down": {"uv": [6, 0, 3, 6], "texture": "#5"}
			}
		},
		{
			"name": "TopBand",
			"from": [4.5, 6, 8],
			"to": [10.25, 6.5, 10],
			"rotation": {"angle": 0, "axis": "y", "origin": [8, 6, 8]},
			"faces": {
				"north": {"uv": [0, 4, 6, 5], "texture": "#6"},
				"east": {"uv": [0, 6, 2, 7], "texture": "#6"},
				"south": {"uv": [0, 5, 6, 6], "texture": "#6"},
				"west": {"uv": [6, 0, 8, 1], "texture": "#6"},
				"up": {"uv": [6, 2, 0, 0], "texture": "#6"},
				"down": {"uv": [6, 2, 0, 4], "texture": "#6"}
			}
		},
		{
			"name": "BottomBand",
			"from": [4.5, -0.5, 8],
			"to": [11.25, 0, 10],
			"rotation": {"angle": 0, "axis": "y", "origin": [8, 0, 8]},
			"faces": {
				"north": {"uv": [0, 4, 7, 5], "texture": "#10"},
				"east": {"uv": [0, 6, 2, 7], "texture": "#10"},
				"south": {"uv": [0, 5, 7, 6], "texture": "#10"},
				"west": {"uv": [2, 6, 4, 7], "texture": "#10"},
				"up": {"uv": [7, 2, 0, 0], "texture": "#10"},
				"down": {"uv": [7, 2, 0, 4], "texture": "#10"}
			}
		},
		{
			"name": "MenuToggle",
			"from": [10, 5, 5],
			"to": [12, 7, 8],
			"rotation": {"angle": 22.5, "axis": "z", "origin": [11, 6, 6.5]},
			"faces": {
				"north": {"uv": [0, 4, 2, 6], "texture": "#7"},
				"east": {"uv": [0, 0, 3, 2], "texture": "#7"},
				"south": {"uv": [5, 0, 7, 2], "texture": "#7"},
				"west": {"uv": [0, 2, 3, 4], "texture": "#7"},
				"up": {"uv": [5, 3, 3, 0], "texture": "#7"},
				"down": {"uv": [5, 3, 3, 6], "texture": "#7"}
			}
		},
		{
			"name": "RadChannels",
			"from": [10.5, 3, 5.25],
			"to": [12, 4.5, 8],
			"rotation": {"angle": 0, "axis": "y", "origin": [10, 4, 6]},
			"faces": {
				"north": {"uv": [0, 8, 3, 11], "texture": "#14"},
				"east": {"uv": [0, 0, 6, 3], "texture": "#14"},
				"south": {"uv": [10, 0, 13, 3], "texture": "#14"},
				"west": {"uv": [0, 4, 6, 7], "texture": "#14"},
				"up": {"uv": [9, 6, 6, 0], "texture": "#14"},
				"down": {"uv": [9, 6, 6, 12], "texture": "#14"}
			}
		},
		{
			"name": "FrontPanel",
			"from": [11, 0, 8],
			"to": [12, 3, 13],
			"rotation": {"angle": -22.5, "axis": "z", "origin": [11.5, 1.5, 10.5]},
			"faces": {
				"north": {"uv": [0, 6, 1, 9], "texture": "#15"},
				"east": {"uv": [0, 0, 5, 3], "texture": "#15"},
				"south": {"uv": [6, 0, 7, 3], "texture": "#15"},
				"west": {"uv": [0, 3, 5, 6], "texture": "#15"},
				"up": {"uv": [6, 5, 5, 0], "texture": "#15"},
				"down": {"uv": [6, 5, 5, 10], "texture": "#15"}
			}
		},
		{
			"name": "MiddleBand",
			"from": [4.5, 0, 8],
			"to": [5, 6, 10],
			"rotation": {"angle": 0, "axis": "y", "origin": [4, 0, 8]},
			"faces": {
				"north": {"uv": [4, 0, 5, 6], "texture": "#11"},
				"east": {"uv": [0, 0, 2, 6], "texture": "#11"},
				"south": {"uv": [5, 0, 6, 6], "texture": "#11"},
				"west": {"uv": [2, 0, 4, 6], "texture": "#11"},
				"up": {"uv": [1, 8, 0, 6], "texture": "#11"},
				"down": {"uv": [7, 0, 6, 2], "texture": "#11"}
			}
		},
		{
			"name": "Clasp",
			"from": [4.25, 2, 7],
			"to": [5.25, 5, 11],
			"rotation": {"angle": 0, "axis": "y", "origin": [4, 0, 8]},
			"faces": {
				"north": {"uv": [5, 0, 6, 3], "texture": "#12"},
				"east": {"uv": [0, 0, 4, 3], "texture": "#12"},
				"south": {"uv": [5, 3, 6, 6], "texture": "#12"},
				"west": {"uv": [0, 3, 4, 6], "texture": "#12"},
				"up": {"uv": [5, 4, 4, 0], "texture": "#12"},
				"down": {"uv": [5, 4, 4, 8], "texture": "#12"}
			}
		}
	],
	"display": {
		"thirdperson_righthand": {
			"rotation": [0, 0, 91],
			"translation": [-3.5, -2, 2.25],
			"scale": [0.75, 0.75, 0.75]
		},
		"thirdperson_lefthand": {
			"rotation": [0, 0, -91],
			"translation": [3.75, -2, 2.25],
			"scale": [0.75, 0.75, 0.75]
		},
		"firstperson_righthand": {
			"rotation": [3, -126, 23],
			"translation": [0, 7.25, 0]
		},
		"firstperson_lefthand": {
			"rotation": [3, 54, -8],
			"translation": [-1.25, 8.5, 0],
			"scale": [0.75, 0.75, 0.75]
		},
		"gui": {
			"rotation": [0, -90, 0],
			"translation": [1.75, 4.25, 0]
		},
		"fixed": {
			"rotation": [0, 90, -90],
			"translation": [-4.75, 0, -20.5],
			"scale": [2.5, 2.5, 2.5]
		}
	},
	"groups": [
		{
			"name": "Band",
			"origin": [8, 8, 8],
			"color": 0,
			"children": [0, 1, 2, 3, 4, 5, 6, 7, 8, 9, 10, 11, 12]
		}
	]
}