{
	"credit": "Made with Blockbench",
	"textures": {
		"2": "block/Hatchet/Pommel",
		"6": "block/Hatchet/Grip",
		"9": "block/Hatchet/BladeBase",
		"10": "block/Hatchet/BladeMid",
		"11": "block/Hatchet/BladeMid2",
		"12": "block/Hatchet/BladeEdge",
		"13": "block/Hatchet/BladeMid3"
	},
	"elements": [
		{
			"name": "Grip",
			"from": [7.125, -1, 7.125],
			"to": [8.875, 9, 8.875],
			"rotation": {"angle": 0, "axis": "y", "origin": [8.025, 1.5, 8.025]},
			"faces": {
				"north": {"uv": [0, 0, 2, 10], "texture": "#6"},
				"east": {"uv": [2, 0, 4, 10], "texture": "#6"},
				"south": {"uv": [4, 0, 6, 10], "texture": "#6"},
				"west": {"uv": [6, 0, 8, 10], "texture": "#6"},
				"up": {"uv": [10, 2, 8, 0], "texture": "#6"},
				"down": {"uv": [10, 2, 8, 4], "texture": "#6"}
			}
		},
		{
			"name": "Pommel",
			"from": [6.75, 0, 7],
			"to": [9.25, 1, 9],
			"faces": {
				"north": {"uv": [3, 0, 6, 1], "texture": "#2"},
				"east": {"uv": [3, 2, 5, 3], "texture": "#2"},
				"south": {"uv": [3, 1, 6, 2], "texture": "#2"},
				"west": {"uv": [3, 3, 5, 4], "texture": "#2"},
				"up": {"uv": [3, 2, 0, 0], "texture": "#2"},
				"down": {"uv": [3, 2, 0, 4], "texture": "#2"}
			}
		},
		{
			"name": "Blade Edge",
			"from": [10.125, 8, 7.725],
			"to": [11.875, 12, 8.225],
			"rotation": {"angle": 0, "axis": "y", "origin": [10.025, 1.5, 8.025]},
			"faces": {
				"north": {"uv": [0, 0, 2, 4], "texture": "#12"},
				"east": {"uv": [0, 4, 1, 8], "texture": "#12"},
				"south": {"uv": [2, 0, 4, 4], "texture": "#12"},
				"west": {"uv": [4, 0, 5, 4], "texture": "#12"},
				"up": {"uv": [3, 5, 1, 4], "texture": "#12"},
				"down": {"uv": [5, 4, 3, 5], "texture": "#12"}
			}
		},
		{
			"name": "Blade Mid",
			"from": [7.125, 8, 7.125],
			"to": [8.875, 12, 8.875],
			"rotation": {"angle": 0, "axis": "y", "origin": [8.025, 1.5, 8.025]},
			"faces": {
				"north": {"uv": [0, 0, 2, 4], "texture": "#10"},
				"east": {"uv": [2, 0, 4, 4], "texture": "#10"},
				"south": {"uv": [0, 4, 2, 8], "texture": "#10"},
				"west": {"uv": [4, 0, 6, 4], "texture": "#10"},
				"up": {"uv": [4, 6, 2, 4], "texture": "#10"},
				"down": {"uv": [6, 4, 4, 6], "texture": "#10"}
			}
		},
		{
			"name": "Blade Mid 2",
			"from": [8.125, 8, 7.35],
			"to": [9.875, 12, 8.6],
			"rotation": {"angle": 0, "axis": "y", "origin": [10.025, 1.5, 8.025]},
			"faces": {
				"north": {"uv": [0, 0, 2, 4], "texture": "#11"},
				"east": {"uv": [0, 4, 1, 8], "texture": "#11"},
				"south": {"uv": [2, 0, 4, 4], "texture": "#11"},
				"west": {"uv": [4, 0, 5, 4], "texture": "#11"},
				"up": {"uv": [3, 5, 1, 4], "texture": "#11"},
				"down": {"uv": [5, 4, 3, 5], "texture": "#11"}
			}
		},
		{
			"name": "Blade Mid 3",
			"from": [9.125, 8, 7.6],
			"to": [10.875, 12, 8.35],
			"rotation": {"angle": 0, "axis": "y", "origin": [10.025, 1.5, 8.025]},
			"faces": {
				"north": {"uv": [0, 0, 2, 4], "texture": "#13"},
				"east": {"uv": [0, 4, 1, 8], "texture": "#13"},
				"south": {"uv": [2, 0, 4, 4], "texture": "#13"},
				"west": {"uv": [4, 0, 5, 4], "texture": "#13"},
				"up": {"uv": [3, 5, 1, 4], "texture": "#13"},
				"down": {"uv": [5, 4, 3, 5], "texture": "#13"}
			}
		},
		{
			"name": "Blade Base",
			"from": [6.75, 8, 7],
			"to": [8.25, 12, 9],
			"rotation": {"angle": 0, "axis": "y", "origin": [0, 8, 0]},
			"faces": {
				"north": {"uv": [0, 0, 3, 6], "texture": "#9"},
				"east": {"uv": [0, 6, 2, 12], "texture": "#9"},
				"south": {"uv": [3, 0, 6, 6], "texture": "#9"},
				"west": {"uv": [6, 0, 8, 6], "texture": "#9"},
				"up": {"uv": [5, 8, 2, 6], "texture": "#9"},
				"down": {"uv": [8, 6, 5, 8], "texture": "#9"}
			}
		}
	],
	"display": {
		"thirdperson_righthand": {
			"rotation": [0, 90, 0],
			"translation": [0, 1.75, 1.25]
		},
		"thirdperson_lefthand": {
			"rotation": [0, 90, 0],
			"translation": [0, 1.75, 2]
		},
		"firstperson_righthand": {
			"rotation": [-20, 90, 0],
			"translation": [0, 3, 0]
		},
		"firstperson_lefthand": {
			"rotation": [-20, 90, 0],
			"translation": [0, 2.75, 0]
		},
		"ground": {
			"rotation": [90, 0, 90],
			"scale": [1.25, 1.25, 1.25]
		},
		"gui": {
			"rotation": [0, 180, 45],
			"translation": [1.75, 0.25, 0]
		},
		"fixed": {
			"translation": [0, 4.5, -0.75],
			"scale": [2, 2, 2]
		}
	},
	"groups": [
		0,
		1,
		{
			"name": "Blade",
			"origin": [0, 8, 0],
			"color": 0,
			"children": [2, 3, 4, 5, 6]
		}
	]
}