{
	"credit": "Made with Blockbench",
	"textures": {
		"0": "block/LaserRifle/Body",
		"1": "block/LaserRifle/FrontMounting",
		"2": "block/LaserRifle/Capacitor",
		"3": "block/LaserRifle/GripLower",
		"4": "block/LaserRifle/BarRear",
		"6": "block/LaserRifle/Bar",
		"7": "block/LaserRifle/StockSmall1",
		"8": "block/LaserRifle/StockFront",
		"9": "block/LaserRifle/StockSmall2",
		"10": "block/LaserRifle/StockSmall3",
		"11": "block/LaserRifle/StockBack",
		"12": "block/LaserRifle/StockSmall4",
		"13": "block/LaserRifle/Stockmid",
		"14": "block/LaserRifle/StockArm",
		"15": "block/LaserRifle/Grip",
		"16": "block/LaserRifle/GuardFront",
		"17": "block/LaserRifle/ProngBottom",
		"18": "block/LaserRifle/Prongtop",
		"19": "block/LaserRifle/Sight",
		"20": "block/LaserRifle/MFC",
		"21": "block/LaserRifle/Backplate",
		"22": "block/LaserRifle/Laser",
		"particle": "block/LaserRifle/Body"
	},
	"elements": [
		{
			"name": "Guard-Rear",
			"from": [8, 2, 8],
			"to": [9, 5, 9],
			"rotation": {"angle": 0, "axis": "y", "origin": [8.5, 3, 11.5]},
			"faces": {
				"north": {"uv": [0, 0, 1, 3], "texture": "#4"},
				"east": {"uv": [1, 0, 2, 3], "texture": "#4"},
				"south": {"uv": [2, 0, 3, 3], "texture": "#4"},
				"west": {"uv": [0, 3, 1, 6], "texture": "#4"},
				"up": {"uv": [4, 1, 3, 0], "texture": "#4"},
				"down": {"uv": [2, 3, 1, 4], "texture": "#4"}
			}
		},
		{
			"name": "Guard-Mid",
			"from": [8.15, 2, 0.5],
			"to": [8.9, 3, 8.5],
			"rotation": {"angle": 0, "axis": "y", "origin": [8.5, 2, 2.5]},
			"faces": {
				"north": {"uv": [2, 2, 3, 3], "texture": "#6"},
				"east": {"uv": [0, 0, 8, 1], "texture": "#6"},
				"south": {"uv": [2, 3, 3, 4], "texture": "#6"},
				"west": {"uv": [0, 1, 8, 2], "texture": "#6"},
				"up": {"uv": [1, 10, 0, 2], "texture": "#6"},
				"down": {"uv": [2, 2, 1, 10], "texture": "#6"}
			}
		},
		{
			"name": "Guard-Front",
			"from": [8, 2, 0],
			"to": [9, 6, 1],
			"rotation": {"angle": 0, "axis": "y", "origin": [8.5, 3, 3.5]},
			"faces": {
				"north": {"uv": [0, 0, 1, 4], "texture": "#16"},
				"east": {"uv": [1, 0, 2, 4], "texture": "#16"},
				"south": {"uv": [2, 0, 3, 4], "texture": "#16"},
				"west": {"uv": [3, 0, 4, 4], "texture": "#16"},
				"up": {"uv": [1, 5, 0, 4], "texture": "#16"},
				"down": {"uv": [5, 0, 4, 1], "texture": "#16"}
			}
		},
		{
			"name": "Ironsight",
			"from": [8.5, 6, 0],
			"to": [8.5, 6.5, 1],
			"rotation": {"angle": 0, "axis": "y", "origin": [8.5, 7, 3.5]},
			"faces": {
				"north": {"uv": [0, 0, 0, 1], "texture": "#19"},
				"east": {"uv": [0, 0, 1, 1], "texture": "#19"},
				"south": {"uv": [0, 0, 0, 1], "texture": "#19"},
				"west": {"uv": [0, 1, 1, 2], "texture": "#19"},
				"up": {"uv": [0, 1, 0, 0], "texture": "#19"},
				"down": {"uv": [0, 0, 0, 1], "texture": "#19"}
			}
		},
		{
			"name": "MFC",
			"from": [7, 5, 8.85],
			"to": [8.5, 6.5, 10.85],
			"rotation": {"angle": 0, "axis": "y", "origin": [8.5, 2.9, 11.425]},
			"faces": {
				"north": {"uv": [0, 0, 2, 2], "texture": "#20"},
				"east": {"uv": [0, 2, 2, 4], "texture": "#20"},
				"south": {"uv": [2, 0, 4, 2], "texture": "#20"},
				"west": {"uv": [2, 2, 4, 4], "texture": "#20"},
				"up": {"uv": [2, 6, 0, 4], "texture": "#20"},
				"down": {"uv": [6, 0, 4, 2], "texture": "#20"}
			}
		},
		{
			"name": "AmmoGuard2",
			"from": [7.3, 5, 8],
			"to": [7.3, 6.5, 9],
			"rotation": {"angle": 0, "axis": "y", "origin": [7.5, 7, 10.5]},
			"faces": {
				"north": {"uv": [0, 0, 0, 2], "texture": "#17"},
				"east": {"uv": [0, 0, 1, 2], "texture": "#17"},
				"south": {"uv": [0, 0, 0, 2], "texture": "#17"},
				"west": {"uv": [1, 0, 2, 2], "texture": "#17"},
				"up": {"uv": [0, 1, 0, 0], "texture": "#17"},
				"down": {"uv": [0, 0, 0, 1], "texture": "#17"}
			}
		},
		{
			"name": "AmmoGuard1",
			"from": [7.25, 6, 7],
			"to": [7.25, 6.5, 9],
			"rotation": {"angle": 0, "axis": "y", "origin": [7.5, 7, 10.5]},
			"faces": {
				"north": {"uv": [0, 0, 0, 1], "texture": "#18"},
				"east": {"uv": [0, 0, 2, 1], "texture": "#18"},
				"south": {"uv": [0, 0, 0, 1], "texture": "#18"},
				"west": {"uv": [0, 1, 2, 2], "texture": "#18"},
				"up": {"uv": [0, 2, 0, 0], "texture": "#18"},
				"down": {"uv": [0, 0, 0, 2], "texture": "#18"}
			}
		},
		{
			"name": "Grip",
			"from": [8.15, 3.5, 1.5],
			"to": [8.9, 4.5, 7.5],
			"rotation": {"angle": 0, "axis": "y", "origin": [8.5, 3, 2.5]},
			"faces": {
				"north": {"uv": [2, 2, 3, 3], "texture": "#3"},
				"east": {"uv": [0, 0, 6, 1], "texture": "#3"},
				"south": {"uv": [2, 3, 3, 4], "texture": "#3"},
				"west": {"uv": [0, 1, 6, 2], "texture": "#3"},
				"up": {"uv": [1, 8, 0, 2], "texture": "#3"},
				"down": {"uv": [2, 2, 1, 8], "texture": "#3"}
			}
		},
		{
			"name": "Capacitor",
			"from": [7.5, 3.65, 7.85],
			"to": [9.5, 6.15, 12],
			"rotation": {"angle": 0, "axis": "y", "origin": [8.5, 4.9, 11.425]},
			"faces": {
				"north": {"uv": [0, 6, 2, 9], "texture": "#2"},
				"east": {"uv": [0, 0, 4, 3], "texture": "#2"},
				"south": {"uv": [6, 0, 8, 3], "texture": "#2"},
				"west": {"uv": [0, 3, 4, 6], "texture": "#2"},
				"up": {"uv": [6, 4, 4, 0], "texture": "#2"},
				"down": {"uv": [6, 4, 4, 8], "texture": "#2"}
			}
		},
		{
			"name": "Front Mounting",
			"from": [7.5, 3.65, -0.15],
			"to": [9.5, 6.15, 1.1],
			"rotation": {"angle": 0, "axis": "y", "origin": [8.5, 4.9, 0.425]},
			"faces": {
				"north": {"uv": [0, 0, 2, 3], "texture": "#1"},
				"east": {"uv": [0, 3, 1, 6], "texture": "#1"},
				"south": {"uv": [2, 0, 4, 3], "texture": "#1"},
				"west": {"uv": [1, 3, 2, 6], "texture": "#1"},
				"up": {"uv": [4, 4, 2, 3], "texture": "#1"},
				"down": {"uv": [6, 0, 4, 1], "texture": "#1"}
			}
		},
		{
			"name": "Laser",
			"from": [8, 4.5, -0.25],
			"to": [9, 5.5, 1],
			"rotation": {"angle": 0, "axis": "y", "origin": [8.5, 4.9, 0.425]},
			"faces": {
				"north": {"uv": [0, 0, 1, 1], "texture": "#22"},
				"east": {"uv": [0, 1, 1, 2], "texture": "#22"},
				"south": {"uv": [1, 0, 2, 1], "texture": "#22"},
				"west": {"uv": [1, 1, 2, 2], "texture": "#22"},
				"up": {"uv": [1, 3, 0, 2], "texture": "#22"},
				"down": {"uv": [3, 0, 2, 1], "texture": "#22"}
			}
		},
		{
			"name": "Backplate",
			"from": [8, 4.25, 11.75],
			"to": [9, 5.75, 12.25],
			"rotation": {"angle": 0, "axis": "y", "origin": [8.5, 4.9, 12.425]},
			"faces": {
				"north": {"uv": [0, 0, 1, 2], "texture": "#21"},
				"east": {"uv": [1, 0, 2, 2], "texture": "#21"},
				"south": {"uv": [0, 2, 1, 4], "texture": "#21"},
				"west": {"uv": [2, 0, 3, 2], "texture": "#21"},
				"up": {"uv": [2, 3, 1, 2], "texture": "#21"},
				"down": {"uv": [3, 2, 2, 3], "texture": "#21"}
			}
		},
		{
			"name": "Body",
			"from": [7.65, 4, 1],
			"to": [9.4, 6, 11],
			"rotation": {"angle": 0, "axis": "y", "origin": [8.5, 3, 11.5]},
			"faces": {
				"north": {"uv": [4, 4, 6, 6], "texture": "#0"},
				"east": {"uv": [0, 0, 10, 2], "texture": "#0"},
				"south": {"uv": [4, 6, 6, 8], "texture": "#0"},
				"west": {"uv": [0, 2, 10, 4], "texture": "#0"},
				"up": {"uv": [2, 14, 0, 4], "texture": "#0"},
				"down": {"uv": [4, 4, 2, 14], "texture": "#0"}
			}
		},
		{
			"name": "Handle",
			"from": [8, 0, 11],
			"to": [9, 5, 12.5],
			"rotation": {"angle": -45, "axis": "x", "origin": [8.5, 2, 11.5]},
			"faces": {
				"north": {"uv": [0, 0, 1, 5], "texture": "#15"},
				"east": {"uv": [1, 0, 2, 5], "texture": "#15"},
				"south": {"uv": [2, 0, 3, 5], "texture": "#15"},
				"west": {"uv": [3, 0, 4, 5], "texture": "#15"},
				"up": {"uv": [5, 1, 4, 0], "texture": "#15"},
				"down": {"uv": [5, 1, 4, 2], "texture": "#15"}
			}
		},
		{
			"from": [8.15, 1.5, 11.5],
			"to": [8.9, 2.5, 14.5],
			"rotation": {"angle": 0, "axis": "y", "origin": [8.5, 2, 13.5]},
			"faces": {
				"north": {"uv": [2, 2, 3, 3], "texture": "#14"},
				"east": {"uv": [0, 0, 3, 1], "texture": "#14"},
				"south": {"uv": [3, 0, 4, 1], "texture": "#14"},
				"west": {"uv": [0, 1, 3, 2], "texture": "#14"},
				"up": {"uv": [1, 5, 0, 2], "texture": "#14"},
				"down": {"uv": [2, 2, 1, 5], "texture": "#14"}
			}
		},
		{
			"from": [8.15, 0.5, 16.5],
			"to": [8.9, 3.5, 17.5],
			"rotation": {"angle": 0, "axis": "y", "origin": [8.5, 2, 13.5]},
			"faces": {
				"north": {"uv": [0, 0, 1, 3], "texture": "#13"},
				"east": {"uv": [1, 0, 2, 3], "texture": "#13"},
				"south": {"uv": [2, 0, 3, 3], "texture": "#13"},
				"west": {"uv": [0, 3, 1, 6], "texture": "#13"},
				"up": {"uv": [4, 1, 3, 0], "texture": "#13"},
				"down": {"uv": [2, 3, 1, 4], "texture": "#13"}
			}
		},
		{
			"from": [8.15, 0.5, 15.5],
			"to": [8.9, 1.5, 16.5],
			"rotation": {"angle": 0, "axis": "y", "origin": [8.5, 2, 13.5]},
			"faces": {
				"north": {"uv": [0, 0, 1, 1], "texture": "#12"},
				"east": {"uv": [0, 1, 1, 2], "texture": "#12"},
				"south": {"uv": [1, 0, 2, 1], "texture": "#12"},
				"west": {"uv": [1, 1, 2, 2], "texture": "#12"},
				"up": {"uv": [1, 3, 0, 2], "texture": "#12"},
				"down": {"uv": [3, 0, 2, 1], "texture": "#12"}
			}
		},
		{
			"from": [8.15, 0.5, 18.5],
			"to": [8.9, 3.5, 19.5],
			"rotation": {"angle": 0, "axis": "y", "origin": [8.5, 2, 15.5]},
			"faces": {
				"north": {"uv": [0, 0, 1, 3], "texture": "#11"},
				"east": {"uv": [1, 0, 2, 3], "texture": "#11"},
				"south": {"uv": [2, 0, 3, 3], "texture": "#11"},
				"west": {"uv": [0, 3, 1, 6], "texture": "#11"},
				"up": {"uv": [4, 1, 3, 0], "texture": "#11"},
				"down": {"uv": [2, 3, 1, 4], "texture": "#11"}
			}
		},
		{
			"from": [8.15, 2.5, 15.5],
			"to": [8.9, 3.5, 16.5],
			"rotation": {"angle": 0, "axis": "y", "origin": [8.5, 4, 13.5]},
			"faces": {
				"north": {"uv": [0, 0, 1, 1], "texture": "#10"},
				"east": {"uv": [0, 1, 1, 2], "texture": "#10"},
				"south": {"uv": [1, 0, 2, 1], "texture": "#10"},
				"west": {"uv": [1, 1, 2, 2], "texture": "#10"},
				"up": {"uv": [1, 3, 0, 2], "texture": "#10"},
				"down": {"uv": [3, 0, 2, 1], "texture": "#10"}
			}
		},
		{
			"from": [8.15, 2.5, 17.5],
			"to": [8.9, 3.5, 18.5],
			"rotation": {"angle": 0, "axis": "y", "origin": [8.5, 4, 15.5]},
			"faces": {
				"north": {"uv": [0, 0, 1, 1], "texture": "#9"},
				"east": {"uv": [0, 1, 1, 2], "texture": "#9"},
				"south": {"uv": [1, 0, 2, 1], "texture": "#9"},
				"west": {"uv": [1, 1, 2, 2], "texture": "#9"},
				"up": {"uv": [1, 3, 0, 2], "texture": "#9"},
				"down": {"uv": [3, 0, 2, 1], "texture": "#9"}
			}
		},
		{
			"from": [8.15, 1.5, 14.5],
			"to": [8.9, 3.5, 15.5],
			"rotation": {"angle": 0, "axis": "y", "origin": [8.5, 2, 13.5]},
			"faces": {
				"north": {"uv": [0, 0, 1, 2], "texture": "#8"},
				"east": {"uv": [1, 0, 2, 2], "texture": "#8"},
				"south": {"uv": [0, 2, 1, 4], "texture": "#8"},
				"west": {"uv": [2, 0, 3, 2], "texture": "#8"},
				"up": {"uv": [2, 3, 1, 2], "texture": "#8"},
				"down": {"uv": [3, 2, 2, 3], "texture": "#8"}
			}
		},
		{
			"from": [8.15, 0.5, 17.5],
			"to": [8.9, 1.5, 18.5],
			"rotation": {"angle": 0, "axis": "y", "origin": [8.5, 2, 15.5]},
			"faces": {
				"north": {"uv": [0, 0, 1, 1], "texture": "#7"},
				"east": {"uv": [0, 1, 1, 2], "texture": "#7"},
				"south": {"uv": [1, 0, 2, 1], "texture": "#7"},
				"west": {"uv": [1, 1, 2, 2], "texture": "#7"},
				"up": {"uv": [1, 3, 0, 2], "texture": "#7"},
				"down": {"uv": [3, 0, 2, 1], "texture": "#7"}
			}
		}
	],
	"display": {
		"thirdperson_righthand": {
			"translation": [0, 6.75, -3.25],
			"scale": [1.25, 1.25, 1.25]
		},
		"thirdperson_lefthand": {
			"translation": [0, 6.75, -3.25],
			"scale": [1.25, 1.25, 1.25]
		},
		"firstperson_righthand": {
			"translation": [0.75, 9.25, -2.75],
			"scale": [2, 2, 1.4]
		},
		"firstperson_lefthand": {
			"translation": [2.25, 9.25, -2.75],
			"scale": [2, 2, 1.4]
		},
		"ground": {
			"rotation": [0, 0, 90],
			"translation": [0, -5.5, 0],
			"scale": [1.75, 1.75, 1.75]
		},
		"gui": {
			"rotation": [0, 90, 0],
			"translation": [0, 5, 0]
		},
		"head": {
			"rotation": [-91, 28, 90],
			"translation": [-5.75, -12.5, 6],
			"scale": [2, 2, 2]
		},
		"fixed": {
			"rotation": [0, 90, 0],
			"translation": [0, 16.25, 0],
			"scale": [4, 4, 4]
		}
	},
	"groups": [
		{
			"name": "Guard",
			"origin": [8.5, 3, 11.5],
			"color": 0,
			"children": [0, 1, 2]
		},
		{
			"name": "Extras",
			"origin": [8.5, 7, 3.5],
			"color": 0,
			"children": [3, 4, 5, 6]
		},
		{
			"name": "Main",
			"origin": [8.5, 3, 2.5],
			"color": 0,
			"children": [7, 8, 9, 10, 11, 12]
		},
		{
			"name": "Stock",
			"origin": [8.5, 2, 11.5],
			"color": 0,
			"children": [13, 14, 15, 16, 17, 18, 19, 20, 21]
		}
	]
}