{
	"credit": "Made with Blockbench",
	"textures": {
		"0": "block/TireIronAxe/LNub",
		"1": "block/TireIronAxe/LBod",
		"3": "block/TireIronAxe/LowerNub",
		"4": "block/TireIronAxe/MainBod",
		"5": "block/TireIronAxe/Foreblade",
		"6": "block/TireIronAxe/BladeBody",
		"7": "block/TireIronAxe/AftBlade",
		"8": "block/TireIronAxe/LowerBlade",
		"9": "block/TireIronAxe/Banding1",
		"10": "block/TireIronAxe/Banding2"
	},
	"elements": [
		{
			"name": "LowerNub",
			"from": [7, 0, 7],
			"to": [9, 1, 9],
			"rotation": {"angle": 0, "axis": "y", "origin": [8, 0, 8]},
			"faces": {
				"north": {"uv": [2, 0, 4, 1], "texture": "#3"},
				"east": {"uv": [2, 1, 4, 2], "texture": "#3"},
				"south": {"uv": [2, 2, 4, 3], "texture": "#3"},
				"west": {"uv": [2, 3, 4, 4], "texture": "#3"},
				"up": {"uv": [2, 2, 0, 0], "texture": "#3"},
				"down": {"uv": [2, 2, 0, 4], "texture": "#3"}
			}
		},
		{
			"name": "MainBod",
			"from": [7.125, 1, 7.125],
			"to": [8.875, 13, 8.875],
			"rotation": {"angle": 0, "axis": "y", "origin": [8, 0, 8]},
			"faces": {
				"north": {"uv": [0, 0, 2, 12], "texture": "#4"},
				"east": {"uv": [2, 0, 4, 12], "texture": "#4"},
				"south": {"uv": [4, 0, 6, 12], "texture": "#4"},
				"west": {"uv": [6, 0, 8, 12], "texture": "#4"},
				"up": {"uv": [10, 2, 8, 0], "texture": "#4"},
				"down": {"uv": [10, 2, 8, 4], "texture": "#4"}
			}
		},
		{
			"name": "BladeBody",
			"from": [8.125, 9, 7.575],
			"to": [12.875, 13, 8.425],
			"rotation": {"angle": 0, "axis": "y", "origin": [13, 9.5, 8]},
			"faces": {
				"north": {"uv": [0, 0, 5, 4], "texture": "#6"},
				"east": {"uv": [5, 2, 6, 6], "texture": "#6"},
				"south": {"uv": [0, 4, 5, 8], "texture": "#6"},
				"west": {"uv": [6, 2, 7, 6], "texture": "#6"},
				"up": {"uv": [10, 1, 5, 0], "texture": "#6"},
				"down": {"uv": [10, 1, 5, 2], "texture": "#6"}
			}
		},
		{
			"name": "LowerBlade",
			"from": [7.5, 8.625, 7.25],
			"to": [12.5, 10.375, 8.75],
			"rotation": {"angle": -22.5, "axis": "z", "origin": [10, 9.5, 8]},
			"faces": {
				"north": {"uv": [0, 0, 5, 2], "texture": "#8"},
				"east": {"uv": [5, 2, 7, 4], "texture": "#8"},
				"south": {"uv": [0, 2, 5, 4], "texture": "#8"},
				"west": {"uv": [5, 4, 7, 6], "texture": "#8"},
				"up": {"uv": [5, 6, 0, 4], "texture": "#8"},
				"down": {"uv": [10, 0, 5, 2], "texture": "#8"}
			}
		},
		{
			"name": "AftBlade",
			"from": [12.125, 6, 7.5],
			"to": [13.875, 11, 8.5],
			"rotation": {"angle": -22.5, "axis": "z", "origin": [13, 8.5, 8]},
			"faces": {
				"north": {"uv": [0, 0, 2, 5], "texture": "#7"},
				"east": {"uv": [4, 0, 5, 5], "texture": "#7"},
				"south": {"uv": [2, 0, 4, 5], "texture": "#7"},
				"west": {"uv": [0, 5, 1, 10], "texture": "#7"},
				"up": {"uv": [7, 1, 5, 0], "texture": "#7"},
				"down": {"uv": [3, 5, 1, 6], "texture": "#7"}
			}
		},
		{
			"name": "ForeBlade",
			"from": [11.125, 10, 7.5],
			"to": [14.875, 15, 8.5],
			"rotation": {"angle": 0, "axis": "y", "origin": [14, 12.5, 8]},
			"faces": {
				"north": {"uv": [0, 0, 4, 5], "texture": "#5"},
				"east": {"uv": [0, 5, 1, 10], "texture": "#5"},
				"south": {"uv": [4, 0, 8, 5], "texture": "#5"},
				"west": {"uv": [1, 5, 2, 10], "texture": "#5"},
				"up": {"uv": [6, 6, 2, 5], "texture": "#5"},
				"down": {"uv": [6, 6, 2, 7], "texture": "#5"}
			}
		},
		{
			"name": "LBod",
			"from": [7.125, 13, 7.125],
			"to": [13.875, 14.75, 8.875],
			"rotation": {"angle": 0, "axis": "y", "origin": [8, 0, 8]},
			"faces": {
				"north": {"uv": [0, 0, 7, 2], "texture": "#1"},
				"east": {"uv": [7, 0, 9, 2], "texture": "#1"},
				"south": {"uv": [0, 2, 7, 4], "texture": "#1"},
				"west": {"uv": [7, 2, 9, 4], "texture": "#1"},
				"up": {"uv": [7, 6, 0, 4], "texture": "#1"},
				"down": {"uv": [7, 6, 0, 8], "texture": "#1"}
			}
		},
		{
			"name": "LNub",
			"from": [13, 12.875, 7],
			"to": [14, 14.875, 9],
			"rotation": {"angle": 0, "axis": "y", "origin": [8, 13, 8]},
			"faces": {
				"north": {"uv": [2, 0, 3, 2], "texture": "#0"},
				"east": {"uv": [0, 0, 2, 2], "texture": "#0"},
				"south": {"uv": [2, 2, 3, 4], "texture": "#0"},
				"west": {"uv": [0, 2, 2, 4], "texture": "#0"},
				"up": {"uv": [4, 2, 3, 0], "texture": "#0"},
				"down": {"uv": [4, 2, 3, 4], "texture": "#0"}
			}
		},
		{
			"name": "Banding2",
			"from": [6.75, 9, 7],
			"to": [9.25, 10, 9],
			"rotation": {"angle": 0, "axis": "y", "origin": [0, 9, 0]},
			"faces": {
				"north": {"uv": [3, 0, 6, 1], "texture": "#10"},
				"east": {"uv": [3, 2, 5, 3], "texture": "#10"},
				"south": {"uv": [3, 1, 6, 2], "texture": "#10"},
				"west": {"uv": [3, 3, 5, 4], "texture": "#10"},
				"up": {"uv": [3, 2, 0, 0], "texture": "#10"},
				"down": {"uv": [3, 2, 0, 4], "texture": "#10"}
			}
		},
		{
			"name": "Banding1",
			"from": [6.75, 12, 7],
			"to": [9.25, 13, 9],
			"rotation": {"angle": 0, "axis": "y", "origin": [0, 12, 0]},
			"faces": {
				"north": {"uv": [3, 0, 6, 1], "texture": "#9"},
				"east": {"uv": [3, 2, 5, 3], "texture": "#9"},
				"south": {"uv": [3, 1, 6, 2], "texture": "#9"},
				"west": {"uv": [3, 3, 5, 4], "texture": "#9"},
				"up": {"uv": [3, 2, 0, 0], "texture": "#9"},
				"down": {"uv": [3, 2, 0, 4], "texture": "#9"}
			}
		}
	],
	"display": {
		"thirdperson_righthand": {
			"rotation": [0, 90, 0],
			"translation": [0, 0, 1.25],
			"scale": [0.75, 0.75, 0.75]
		},
		"thirdperson_lefthand": {
			"rotation": [0, -90, 0],
			"translation": [0, 0, 1.25],
			"scale": [0.75, 0.75, 0.75]
		},
		"firstperson_righthand": {
			"rotation": [0, 90, -5],
			"translation": [2.75, 3.75, 0]
		},
		"firstperson_lefthand": {
			"rotation": [0, -90, 5],
			"translation": [2.75, 3.75, 0]
		},
		"ground": {
			"rotation": [90, 0, 0]
		},
		"gui": {
			"rotation": [0, 180, 45],
			"translation": [1.75, -1.25, 0]
		},
		"head": {
			"translation": [-5, -13.5, 4]
		},
		"fixed": {
			"translation": [0, 0, -2.25],
			"scale": [2, 2, 2]
		}
	}
}