{
	"credit": "Made with Blockbench",
	"textures": {
		"0": "block/SandwhichBoardWetFloor/1",
		"1": "block/SandwhichBoardWetFloor/2",
		"2": "block/SandwhichBoardWetFloor/3",
		"particle": "block/SandwhichBoardWetFloor/1"
	},
	"elements": [
		{
			"name": "1",
			"from": [2, -1, 4],
			"to": [14, 17, 5],
			"rotation": {"angle": 22.5, "axis": "x", "origin": [8, 8.5, 4.5]},
			"faces": {
				"north": {"uv": [0, 0, 3, 4.5], "texture": "#0"},
				"east": {"uv": [0, 4.5, 0.25, 9], "texture": "#0"},
				"south": {"uv": [3, 0, 6, 4.5], "texture": "#0"},
				"west": {"uv": [0.25, 4.5, 0.5, 9], "texture": "#0"},
				"up": {"uv": [3.5, 4.75, 0.5, 4.5], "texture": "#0"},
				"down": {"uv": [6.5, 4.5, 3.5, 4.75], "texture": "#0"}
			}
		},
		{
			"name": "2",
			"from": [2, -1, 11],
			"to": [14, 17, 12],
			"rotation": {"angle": -22.5, "axis": "x", "origin": [8, 8.5, 11.5]},
			"faces": {
				"north": {"uv": [0, 0, 3, 4.5], "texture": "#1"},
				"east": {"uv": [0, 4.5, 0.25, 9], "texture": "#1"},
				"south": {"uv": [3, 0, 6, 4.5], "texture": "#1"},
				"west": {"uv": [0.25, 4.5, 0.5, 9], "texture": "#1"},
				"up": {"uv": [3.5, 4.75, 0.5, 4.5], "texture": "#1"},
				"down": {"uv": [6.5, 4.5, 3.5, 4.75], "texture": "#1"}
			}
		},
		{
			"name": "3",
			"from": [1.75, 15, 7],
			"to": [14.25, 17, 9],
			"rotation": {"angle": 0, "axis": "y", "origin": [0, 15, 7]},
			"faces": {
				"north": {"uv": [0, 0, 13, 2], "texture": "#2"},
				"east": {"uv": [0, 8, 2, 10], "texture": "#2"},
				"south": {"uv": [0, 2, 13, 4], "texture": "#2"},
				"west": {"uv": [2, 8, 4, 10], "texture": "#2"},
				"up": {"uv": [13, 6, 0, 4], "texture": "#2"},
				"down": {"uv": [13, 6, 0, 8], "texture": "#2"}
			}
		}
	],
	"display": {
		"thirdperson_righthand": {
			"translation": [0, 0, -2.75],
			"scale": [0.5, 0.5, 0.5]
		},
		"thirdperson_lefthand": {
			"translation": [0, 0, -2.75],
			"scale": [0.5, 0.5, 0.5]
		},
		"ground": {
			"translation": [0, 4, 0],
			"scale": [0.75, 0.75, 0.75]
		},
		"gui": {
			"rotation": [0, -15, 0],
			"scale": [0.75, 0.75, 0.75]
		},
		"head": {
			"translation": [0, 12.25, 0]
		},
		"fixed": {
			"rotation": [-90, 0, 0],
			"translation": [0, 0, -13.75],
			"scale": [1.75, 1.75, 1.75]
		}
	}
}