{
	"credit": "Made with Blockbench",
	"textures": {
		"0": "block/TireIron/LNub",
		"1": "block/TireIron/LBod",
		"3": "block/TireIron/LowerNub",
		"4": "block/TireIron/MainBod"
	},
	"elements": [
		{
			"name": "LowerNub",
			"from": [7, 0, 7],
			"to": [9, 1, 9],
			"rotation": {"angle": 0, "axis": "y", "origin": [8, 0, 8]},
			"faces": {
				"north": {"uv": [2, 0, 4, 1], "texture": "#3"},
				"east": {"uv": [2, 1, 4, 2], "texture": "#3"},
				"south": {"uv": [2, 2, 4, 3], "texture": "#3"},
				"west": {"uv": [2, 3, 4, 4], "texture": "#3"},
				"up": {"uv": [2, 2, 0, 0], "texture": "#3"},
				"down": {"uv": [2, 2, 0, 4], "texture": "#3"}
			}
		},
		{
			"name": "MainBod",
			"from": [7.125, 1, 7.125],
			"to": [8.875, 13, 8.875],
			"rotation": {"angle": 0, "axis": "y", "origin": [8, 0, 8]},
			"faces": {
				"north": {"uv": [0, 0, 2, 12], "texture": "#4"},
				"east": {"uv": [2, 0, 4, 12], "texture": "#4"},
				"south": {"uv": [4, 0, 6, 12], "texture": "#4"},
				"west": {"uv": [6, 0, 8, 12], "texture": "#4"},
				"up": {"uv": [10, 2, 8, 0], "texture": "#4"},
				"down": {"uv": [10, 2, 8, 4], "texture": "#4"}
			}
		},
		{
			"name": "LBod",
			"from": [7.125, 13, 7.125],
			"to": [13.875, 14.75, 8.875],
			"rotation": {"angle": 0, "axis": "y", "origin": [8, 0, 8]},
			"faces": {
				"north": {"uv": [0, 0, 7, 2], "texture": "#1"},
				"east": {"uv": [7, 0, 9, 2], "texture": "#1"},
				"south": {"uv": [0, 2, 7, 4], "texture": "#1"},
				"west": {"uv": [7, 2, 9, 4], "texture": "#1"},
				"up": {"uv": [7, 6, 0, 4], "texture": "#1"},
				"down": {"uv": [7, 6, 0, 8], "texture": "#1"}
			}
		},
		{
			"name": "LNub",
			"from": [13, 12.875, 7],
			"to": [14, 14.875, 9],
			"rotation": {"angle": 0, "axis": "y", "origin": [8, 13, 8]},
			"faces": {
				"north": {"uv": [2, 0, 3, 2], "texture": "#0"},
				"east": {"uv": [0, 0, 2, 2], "texture": "#0"},
				"south": {"uv": [2, 2, 3, 4], "texture": "#0"},
				"west": {"uv": [0, 2, 2, 4], "texture": "#0"},
				"up": {"uv": [4, 2, 3, 0], "texture": "#0"},
				"down": {"uv": [4, 2, 3, 4], "texture": "#0"}
			}
		}
	]
}