{
	"credit": "Made with Blockbench",
	"textures": {
		"0": "block/Safe/1",
		"1": "block/Safe/2",
		"2": "block/Safe/3",
		"3": "block/Safe/4",
		"4": "block/Safe/5",
		"5": "block/Safe/6",
		"6": "block/Safe/7",
		"particle": "block/Safe/1"
	},
	"elements": [
		{
			"name": "Base",
			"from": [0, 0, 0],
			"to": [16, 21, 16],
			"faces": {
				"north": {"uv": [0, 0, 4, 5.25], "texture": "#0"},
				"east": {"uv": [4, 0, 8, 5.25], "texture": "#0"},
				"south": {"uv": [0, 5.25, 4, 10.5], "texture": "#0"},
				"west": {"uv": [4, 5.25, 8, 10.5], "texture": "#0"},
				"up": {"uv": [12, 4, 8, 0], "texture": "#0"},
				"down": {"uv": [12, 4, 8, 8], "texture": "#0"}
			}
		},
		{
			"name": "Door",
			"from": [1, 1, -1],
			"to": [15, 20, 2],
			"faces": {
				"north": {"uv": [0, 0, 3.5, 4.75], "texture": "#1"},
				"east": {"uv": [0, 4.75, 0.75, 9.5], "texture": "#1"},
				"south": {"uv": [3.5, 0, 7, 4.75], "texture": "#1"},
				"west": {"uv": [0.75, 4.75, 1.5, 9.5], "texture": "#1"},
				"up": {"uv": [5, 5.5, 1.5, 4.75], "texture": "#1"},
				"down": {"uv": [8.5, 4.75, 5, 5.5], "texture": "#1"}
			}
		},
		{
			"name": "LockPlate",
			"from": [6, 10, -2],
			"to": [10, 14, 0],
			"rotation": {"angle": 45, "axis": "z", "origin": [8, 12, -1]},
			"faces": {
				"north": {"uv": [0, 0, 4, 4], "texture": "#5"},
				"east": {"uv": [4, 0, 6, 4], "texture": "#5"},
				"south": {"uv": [0, 4, 4, 8], "texture": "#5"},
				"west": {"uv": [4, 4, 6, 8], "texture": "#5"},
				"up": {"uv": [10, 2, 6, 0], "texture": "#5"},
				"down": {"uv": [10, 2, 6, 4], "texture": "#5"}
			}
		},
		{
			"name": "Combo",
			"from": [7, 11, -2.5],
			"to": [9, 13, 0.5],
			"rotation": {"angle": 0, "axis": "z", "origin": [8, 12, -1]},
			"faces": {
				"north": {"uv": [0, 4, 2, 6], "texture": "#6"},
				"east": {"uv": [0, 0, 3, 2], "texture": "#6"},
				"south": {"uv": [5, 0, 7, 2], "texture": "#6"},
				"west": {"uv": [0, 2, 3, 4], "texture": "#6"},
				"up": {"uv": [5, 3, 3, 0], "texture": "#6"},
				"down": {"uv": [5, 3, 3, 6], "texture": "#6"}
			}
		},
		{
			"name": "LeverBase",
			"from": [13, 13, -2],
			"to": [14, 14, -1],
			"rotation": {"angle": 0, "axis": "y", "origin": [7, 17, -2]},
			"faces": {
				"north": {"uv": [0, 0, 1, 1], "texture": "#4"},
				"east": {"uv": [0, 1, 1, 2], "texture": "#4"},
				"south": {"uv": [1, 0, 2, 1], "texture": "#4"},
				"west": {"uv": [1, 1, 2, 2], "texture": "#4"},
				"up": {"uv": [1, 3, 0, 2], "texture": "#4"},
				"down": {"uv": [3, 0, 2, 1], "texture": "#4"}
			}
		},
		{
			"name": "LeverArm",
			"from": [13, 10, -3],
			"to": [14, 14, -2],
			"rotation": {"angle": 0, "axis": "y", "origin": [7, 17, -2]},
			"faces": {
				"north": {"uv": [0, 0, 1, 4], "texture": "#3"},
				"east": {"uv": [1, 0, 2, 4], "texture": "#3"},
				"south": {"uv": [2, 0, 3, 4], "texture": "#3"},
				"west": {"uv": [3, 0, 4, 4], "texture": "#3"},
				"up": {"uv": [1, 5, 0, 4], "texture": "#3"},
				"down": {"uv": [5, 0, 4, 1], "texture": "#3"}
			}
		},
		{
			"name": "Hinge1",
			"from": [0.5, 15, -1.5],
			"to": [2.5, 19, 0.5],
			"rotation": {"angle": 0, "axis": "y", "origin": [0, 17, -2]},
			"faces": {
				"north": {"uv": [0, 0, 2, 4], "texture": "#2"},
				"east": {"uv": [2, 0, 4, 4], "texture": "#2"},
				"south": {"uv": [0, 4, 2, 8], "texture": "#2"},
				"west": {"uv": [4, 0, 6, 4], "texture": "#2"},
				"up": {"uv": [4, 6, 2, 4], "texture": "#2"},
				"down": {"uv": [6, 4, 4, 6], "texture": "#2"}
			}
		},
		{
			"name": "Hinge2",
			"from": [0.5, 2, -1.5],
			"to": [2.5, 6, 0.5],
			"rotation": {"angle": 0, "axis": "y", "origin": [0, 4, -2]},
			"faces": {
				"north": {"uv": [0, 0, 2, 4], "texture": "#2"},
				"east": {"uv": [0, 0, 2, 4], "texture": "#2"},
				"south": {"uv": [0, 0, 2, 4], "texture": "#2"},
				"west": {"uv": [0, 0, 2, 4], "texture": "#2"},
				"up": {"uv": [0, 0, 2, 2], "texture": "#2"},
				"down": {"uv": [0, 0, 2, 2], "texture": "#2"}
			}
		}
	],
	"display": {
		"thirdperson_righthand": {
			"rotation": [44, 0, 0],
			"scale": [0.5, 0.5, 0.5]
		},
		"thirdperson_lefthand": {
			"rotation": [44, 0, 0],
			"scale": [0.5, 0.5, 0.5]
		},
		"firstperson_righthand": {
			"rotation": [0, 114, 0],
			"scale": [0.5, 0.5, 0.5]
		},
		"firstperson_lefthand": {
			"rotation": [0, 114, 0],
			"scale": [0.5, 0.5, 0.5]
		},
		"ground": {
			"translation": [0, 3.25, 0],
			"scale": [0.75, 0.75, 0.75]
		},
		"gui": {
			"rotation": [0, 180, 0],
			"translation": [0, -1, 0],
			"scale": [0.5, 0.5, 0.5]
		},
		"fixed": {
			"rotation": [-90, 0, 0],
			"translation": [0, 0, 15],
			"scale": [2.1, 2.1, 2.1]
		}
	}
}