{
	"credit": "Made with Blockbench",
	"texture_size": [32, 32],
	"textures": {
		"0": "block/CardboardBox1/1",
		"1": "block/CardboardBox1/2",
		"2": "block/CardboardBox1/3",
		"particle": "block/CardboardBox1/1"
	},
	"elements": [
		{
			"name": "Base",
			"from": [2, 0, 1],
			"to": [14, 8, 15],
			"rotation": {"angle": 0, "axis": "y", "origin": [2, 0, 1]},
			"faces": {
				"north": {"uv": [0, 11, 6, 15], "texture": "#0"},
				"east": {"uv": [0, 7, 7, 11], "texture": "#0"},
				"south": {"uv": [6, 11, 12, 15], "texture": "#0"},
				"west": {"uv": [7, 7, 14, 11], "texture": "#0"},
				"up": {"uv": [6, 7, 0, 0], "texture": "#0"},
				"down": {"uv": [12, 0, 6, 7], "texture": "#0"}
			}
		},
		{
			"name": "LidShut",
			"from": [8, 8, 1],
			"to": [14, 9, 15],
			"rotation": {"angle": 0, "axis": "y", "origin": [2, 0, 1]},
			"faces": {
				"north": {"uv": [6, 1, 9, 1.5], "texture": "#1"},
				"east": {"uv": [6, 0, 13, 0.5], "texture": "#1"},
				"south": {"uv": [6, 1.5, 9, 2], "texture": "#1"},
				"west": {"uv": [6, 0.5, 13, 1], "texture": "#1"},
				"up": {"uv": [3, 7, 0, 0], "texture": "#1"},
				"down": {"uv": [6, 0, 3, 7], "texture": "#1"}
			}
		},
		{
			"name": "LipGape",
			"from": [2, 8, 1],
			"to": [8, 9, 15],
			"rotation": {"angle": 22.5, "axis": "z", "origin": [5, 8.5, 8]},
			"faces": {
				"north": {"uv": [6, 1, 9, 1.5], "texture": "#2"},
				"east": {"uv": [6, 0, 13, 0.5], "texture": "#2"},
				"south": {"uv": [6, 1.5, 9, 2], "texture": "#2"},
				"west": {"uv": [6, 0.5, 13, 1], "texture": "#2"},
				"up": {"uv": [3, 7, 0, 0], "texture": "#2"},
				"down": {"uv": [6, 0, 3, 7], "texture": "#2"}
			}
		}
	],
	"display": {
		"thirdperson_righthand": {
			"rotation": [0, 90, 0],
			"translation": [0, 3.25, 0],
			"scale": [0.75, 0.75, 0.75]
		},
		"thirdperson_lefthand": {
			"rotation": [0, 90, 0],
			"translation": [0, 3.25, 0],
			"scale": [0.75, 0.75, 0.75]
		},
		"ground": {
			"translation": [0, 4.5, 0]
		},
		"gui": {
			"rotation": [0, -11, 0],
			"translation": [0, 3.25, 0]
		},
		"head": {
			"translation": [0, 14.25, 0]
		},
		"fixed": {
			"rotation": [-90, 0, 0],
			"translation": [0, 0, -15.75],
			"scale": [2, 2, 2]
		}
	}
}