{
	"credit": "Made with Blockbench",
	"textures": {
		"0": "block/Machete/Grip",
		"1": "block/Machete/Crossguard",
		"2": "block/Machete/Pommel",
		"3": "block/Machete/BladeBody",
		"5": "block/Machete/BladeTop",
		"particle": "block/Machete/Grip"
	},
	"elements": [
		{
			"name": "BladeBody",
			"from": [6.65, 7, 7.65],
			"to": [9.35, 20, 8.35],
			"rotation": {"angle": 0, "axis": "y", "origin": [8, 16.75, 8]},
			"faces": {
				"north": {"uv": [0, 0, 3, 5], "texture": "#3"},
				"east": {"uv": [0, 5, 1, 10], "texture": "#3"},
				"south": {"uv": [3, 0, 6, 5], "texture": "#3"},
				"west": {"uv": [1, 5, 2, 10], "texture": "#3"},
				"up": {"uv": [5, 6, 2, 5], "texture": "#3"},
				"down": {"uv": [8, 5, 5, 6], "texture": "#3"}
			}
		},
		{
			"name": "BladeTop",
			"from": [6.18478, 19.72654, 7.66],
			"to": [9.18478, 20.42654, 8.34],
			"rotation": {"angle": 0, "axis": "y", "origin": [7.68478, 21.57654, 8]},
			"faces": {
				"north": {"uv": [0, 0, 4, 5], "rotation": 90, "texture": "#5"},
				"east": {"uv": [6, 6, 2, 7], "rotation": 270, "texture": "#5"},
				"south": {"uv": [4, 0, 8, 5], "rotation": 270, "texture": "#5"},
				"west": {"uv": [6, 6, 2, 5], "rotation": 270, "texture": "#5"},
				"up": {"uv": [0, 5, 1, 10], "rotation": 270, "texture": "#5"},
				"down": {"uv": [1, 5, 2, 10], "rotation": 270, "texture": "#5"}
			}
		},
		{
			"name": "Crossguard",
			"from": [6, 6, 7],
			"to": [10, 7, 9],
			"rotation": {"angle": 0, "axis": "y", "origin": [7, 6, 7]},
			"faces": {
				"north": {"uv": [0, 4, 4, 5], "texture": "#1"},
				"east": {"uv": [4, 1, 6, 2], "texture": "#1"},
				"south": {"uv": [4, 0, 8, 1], "texture": "#1"},
				"west": {"uv": [4, 2, 6, 3], "texture": "#1"},
				"up": {"uv": [4, 2, 0, 0], "texture": "#1"},
				"down": {"uv": [4, 2, 0, 4], "texture": "#1"}
			}
		},
		{
			"name": "Pommel",
			"from": [6.75, 0, 7],
			"to": [9.25, 1, 9],
			"faces": {
				"north": {"uv": [3, 0, 6, 1], "texture": "#2"},
				"east": {"uv": [3, 2, 5, 3], "texture": "#2"},
				"south": {"uv": [3, 1, 6, 2], "texture": "#2"},
				"west": {"uv": [3, 3, 5, 4], "texture": "#2"},
				"up": {"uv": [3, 2, 0, 0], "texture": "#2"},
				"down": {"uv": [3, 2, 0, 4], "texture": "#2"}
			}
		},
		{
			"name": "Grip",
			"from": [7.125, 1, 7.125],
			"to": [8.875, 6, 8.875],
			"rotation": {"angle": 0, "axis": "y", "origin": [3.025, 3.5, 8.025]},
			"faces": {
				"north": {"uv": [0, 0, 2, 5], "texture": "#0"},
				"east": {"uv": [2, 0, 4, 5], "texture": "#0"},
				"south": {"uv": [4, 0, 6, 5], "texture": "#0"},
				"west": {"uv": [0, 5, 2, 10], "texture": "#0"},
				"up": {"uv": [4, 7, 2, 5], "texture": "#0"},
				"down": {"uv": [6, 5, 4, 7], "texture": "#0"}
			}
		}
	],
	"display": {
		"thirdperson_righthand": {
			"rotation": [0, 90, 0],
			"translation": [0, 2.5, 1.25]
		},
		"thirdperson_lefthand": {
			"rotation": [0, -90, 0],
			"translation": [0, 2.5, 1.25]
		},
		"firstperson_righthand": {
			"rotation": [-13, 90, 0],
			"translation": [0, 3.75, 0]
		},
		"firstperson_lefthand": {
			"rotation": [-13, -90, 0],
			"translation": [0, 3.75, 0]
		},
		"ground": {
			"rotation": [90, 0, 90],
			"scale": [1.5, 1.5, 1.5]
		},
		"gui": {
			"rotation": [0, 180, 45],
			"translation": [-1.75, -1.75, 0]
		},
		"head": {
			"rotation": [0, 0, 136],
			"translation": [2.5, -12.75, 4.75],
			"scale": [1.5, 1.5, 1.5]
		},
		"fixed": {
			"scale": [2, 2, 2]
		}
	},
	"groups": [
		{
			"name": "Blade",
			"origin": [8, 12, 8],
			"color": 0,
			"children": [0, 1]
		},
		{
			"name": "Handle",
			"origin": [8.025, 3.5, 8.025],
			"color": 0,
			"children": [2, 3, 4]
		}
	]
}