{
	"credit": "Made with Blockbench",
	"textures": {
		"0": "block/TurretOpen/Panels",
		"1": "block/TurretOpen/Base",
		"2": "block/TurretOpen/Top",
		"3": "block/TurretOpen/Front",
		"4": "block/TurretOpen/Bolts",
		"5": "block/TurretOpen/barrel",
		"particle": "block/TurretOpen/Panels"
	},
	"elements": [
		{
			"name": "Base",
			"from": [4, 0, 4],
			"to": [12, 2, 12],
			"rotation": {"angle": 0, "axis": "y", "origin": [7, 0, 7]},
			"faces": {
				"north": {"uv": [8, 0, 16, 2], "texture": "#1"},
				"east": {"uv": [8, 2, 16, 4], "texture": "#1"},
				"south": {"uv": [8, 4, 16, 6], "texture": "#1"},
				"west": {"uv": [8, 6, 16, 8], "texture": "#1"},
				"up": {"uv": [8, 8, 0, 0], "texture": "#1"},
				"down": {"uv": [8, 8, 0, 16], "texture": "#1"}
			}
		},
		{
			"name": "Panel1",
			"from": [6, 4.5, 8.5],
			"to": [10, 5.5, 12.5],
			"rotation": {"angle": -22.5, "axis": "x", "origin": [8, 4.5, 10]},
			"faces": {
				"north": {"uv": [10, 2, 6, 0], "rotation": 180, "texture": "#3"},
				"east": {"uv": [4, 0, 6, 4], "rotation": 90, "texture": "#3"},
				"south": {"uv": [10, 2, 6, 4], "texture": "#3"},
				"west": {"uv": [4, 4, 6, 8], "rotation": 270, "texture": "#3"},
				"up": {"uv": [0, 4, 4, 8], "texture": "#3"},
				"down": {"uv": [0, 0, 4, 4], "rotation": 180, "texture": "#3"}
			}
		},
		{
			"name": "Panel2",
			"from": [6, 1.25, 5],
			"to": [10, 5, 7],
			"rotation": {"angle": 22.5, "axis": "x", "origin": [8, 3.5, 6]},
			"faces": {
				"north": {"uv": [4, 0, 8, 4], "texture": "#0"},
				"east": {"uv": [10, 4, 12, 8], "texture": "#0"},
				"south": {"uv": [4, 4, 8, 8], "texture": "#0"},
				"west": {"uv": [10, 8, 12, 12], "texture": "#0"},
				"up": {"uv": [4, 14, 0, 12], "texture": "#0"},
				"down": {"uv": [16, 0, 12, 2], "texture": "#0"}
			}
		},
		{
			"name": "Panel3",
			"from": [5, 1.25, 6],
			"to": [7, 5, 10],
			"rotation": {"angle": -22.5, "axis": "z", "origin": [6, 3.5, 9]},
			"faces": {
				"north": {"uv": [4, 8, 6, 12], "texture": "#0"},
				"east": {"uv": [0, 0, 4, 4], "texture": "#0"},
				"south": {"uv": [8, 4, 10, 8], "texture": "#0"},
				"west": {"uv": [0, 4, 4, 8], "texture": "#0"},
				"up": {"uv": [8, 12, 6, 8], "texture": "#0"},
				"down": {"uv": [10, 8, 8, 12], "texture": "#0"}
			}
		},
		{
			"name": "Panel4",
			"from": [9, 1, 6],
			"to": [11, 5, 10],
			"rotation": {"angle": 22.5, "axis": "z", "origin": [10, 3.5, 9]},
			"faces": {
				"north": {"uv": [12, 2, 14, 6], "texture": "#0"},
				"east": {"uv": [0, 8, 4, 12], "texture": "#0"},
				"south": {"uv": [4, 12, 6, 16], "texture": "#0"},
				"west": {"uv": [8, 0, 12, 4], "texture": "#0"},
				"up": {"uv": [8, 16, 6, 12], "texture": "#0"},
				"down": {"uv": [14, 6, 12, 10], "texture": "#0"}
			}
		},
		{
			"name": "PanelTop",
			"from": [6, 5, 6],
			"to": [10, 6, 10],
			"rotation": {"angle": 0, "axis": "y", "origin": [6, 5, 7]},
			"faces": {
				"north": {"uv": [4, 0, 8, 1], "texture": "#2"},
				"east": {"uv": [4, 1, 8, 2], "texture": "#2"},
				"south": {"uv": [4, 2, 8, 3], "texture": "#2"},
				"west": {"uv": [4, 3, 8, 4], "texture": "#2"},
				"up": {"uv": [4, 4, 0, 0], "texture": "#2"},
				"down": {"uv": [4, 4, 0, 8], "texture": "#2"}
			}
		},
		{
			"name": "Bolt1",
			"from": [4.5, 2, 10.5],
			"to": [5.5, 3, 11.5],
			"rotation": {"angle": -45, "axis": "y", "origin": [5, 2.5, 11]},
			"faces": {
				"north": {"uv": [0, 0, 1, 1], "texture": "#4"},
				"east": {"uv": [0, 1, 1, 2], "texture": "#4"},
				"south": {"uv": [1, 0, 2, 1], "texture": "#4"},
				"west": {"uv": [1, 1, 2, 2], "texture": "#4"},
				"up": {"uv": [1, 3, 0, 2], "texture": "#4"},
				"down": {"uv": [3, 0, 2, 1], "texture": "#4"}
			}
		},
		{
			"name": "Bolt2",
			"from": [4.5, 2, 4.5],
			"to": [5.5, 3, 5.5],
			"rotation": {"angle": -45, "axis": "y", "origin": [5, 2.5, 5]},
			"faces": {
				"north": {"uv": [1, 2, 2, 3], "texture": "#4"},
				"east": {"uv": [2, 1, 3, 2], "texture": "#4"},
				"south": {"uv": [2, 2, 3, 3], "texture": "#4"},
				"west": {"uv": [0, 3, 1, 4], "texture": "#4"},
				"up": {"uv": [4, 1, 3, 0], "texture": "#4"},
				"down": {"uv": [2, 3, 1, 4], "texture": "#4"}
			}
		},
		{
			"name": "Bolt3",
			"from": [10.5, 2, 4.5],
			"to": [11.5, 3, 5.5],
			"rotation": {"angle": 45, "axis": "y", "origin": [11, 2.5, 5]},
			"faces": {
				"north": {"uv": [3, 3, 4, 4], "texture": "#4"},
				"east": {"uv": [3, 1, 4, 2], "texture": "#4"},
				"south": {"uv": [2, 3, 3, 4], "texture": "#4"},
				"west": {"uv": [3, 2, 4, 3], "texture": "#4"},
				"up": {"uv": [1, 5, 0, 4], "rotation": 90, "texture": "#4"},
				"down": {"uv": [5, 0, 4, 1], "rotation": 270, "texture": "#4"}
			}
		},
		{
			"name": "Bolt4",
			"from": [10.5, 2, 10.5],
			"to": [11.5, 3, 11.5],
			"rotation": {"angle": 45, "axis": "y", "origin": [11, 2.5, 11]},
			"faces": {
				"north": {"uv": [1, 4, 2, 5], "texture": "#4"},
				"east": {"uv": [4, 1, 5, 2], "texture": "#4"},
				"south": {"uv": [2, 4, 3, 5], "texture": "#4"},
				"west": {"uv": [4, 2, 5, 3], "texture": "#4"},
				"up": {"uv": [4, 5, 3, 4], "texture": "#4"},
				"down": {"uv": [5, 3, 4, 4], "texture": "#4"}
			}
		},
		{
			"from": [7, 2, 8],
			"to": [9, 4, 14],
			"rotation": {"angle": 0, "axis": "y", "origin": [7, 2, 12]},
			"faces": {
				"north": {"uv": [4, 4, 6, 6], "texture": "#5"},
				"east": {"uv": [0, 0, 6, 2], "texture": "#5"},
				"south": {"uv": [6, 0, 8, 2], "texture": "#5"},
				"west": {"uv": [0, 2, 6, 4], "texture": "#5"},
				"up": {"uv": [2, 10, 0, 4], "texture": "#5"},
				"down": {"uv": [4, 4, 2, 10], "texture": "#5"}
			}
		}
	],
	"display": {
		"thirdperson_righthand": {
			"rotation": [0, 180, 0],
			"translation": [0, 7, 0]
		},
		"thirdperson_lefthand": {
			"rotation": [0, 180, 0],
			"translation": [0, 7, 0]
		},
		"firstperson_righthand": {
			"rotation": [0, -90, 0],
			"translation": [0, 8.25, 0]
		},
		"firstperson_lefthand": {
			"rotation": [0, -90, 0],
			"translation": [0, 8.25, 0]
		},
		"ground": {
			"translation": [0, 4.5, 0]
		},
		"gui": {
			"rotation": [35, 0, 0],
			"translation": [0, 5, 0]
		},
		"head": {
			"rotation": [0, 180, 0],
			"translation": [0, 18, 0],
			"scale": [1.5, 1.5, 1.5]
		},
		"fixed": {
			"rotation": [-90, 0, 0],
			"translation": [0, 0, -24],
			"scale": [3, 3, 3]
		}
	}
}