{
	"credit": "Made with Blockbench",
	"texture_size": [4, 4],
	"textures": {
		"0": "block/TVOff/Main",
		"1": "block/TVOff/LowerFrame",
		"2": "block/TVOff/UpperFrame",
		"3": "block/TVOff/Panel",
		"4": "block/TVOff/LeftFrame",
		"5": "block/TVOff/Leg1",
		"6": "block/TVOff/Leg2",
		"9": "block/TVOff/Leg3",
		"particle": "block/TVOff/Main"
	},
	"elements": [
		{
			"name": "Body",
			"from": [-3, 1, 2],
			"to": [19, 17, 15],
			"rotation": {"angle": 0, "axis": "y", "origin": [0, 1, 0]},
			"faces": {
				"north": {"uv": [0, 0, 5.5, 4], "texture": "#0"},
				"east": {"uv": [5.5, 6.5, 8.75, 10.5], "texture": "#0"},
				"south": {"uv": [0, 4, 5.5, 8], "texture": "#0"},
				"west": {"uv": [0, 8, 3.25, 12], "texture": "#0"},
				"up": {"uv": [11, 3.25, 5.5, 0], "texture": "#0"},
				"down": {"uv": [11, 3.25, 5.5, 6.5], "texture": "#0"}
			}
		},
		{
			"name": "LowerFrame",
			"from": [-3, 1, 1],
			"to": [19, 3, 2],
			"rotation": {"angle": 0, "axis": "y", "origin": [0, 1, 0]},
			"faces": {
				"north": {"uv": [0, 0, 11, 1], "texture": "#1"},
				"east": {"uv": [0, 3, 0.5, 4], "texture": "#1"},
				"south": {"uv": [0, 1, 11, 2], "texture": "#1"},
				"west": {"uv": [0.5, 3, 1, 4], "texture": "#1"},
				"up": {"uv": [11, 2.5, 0, 2], "texture": "#1"},
				"down": {"uv": [11, 2.5, 0, 3], "texture": "#1"}
			}
		},
		{
			"name": "TopFrame",
			"from": [-3, 15, 1],
			"to": [19, 17, 2],
			"rotation": {"angle": 0, "axis": "y", "origin": [0, 15, 0]},
			"faces": {
				"north": {"uv": [0, 0, 11, 1], "texture": "#2"},
				"east": {"uv": [0, 3, 0.5, 4], "texture": "#2"},
				"south": {"uv": [0, 1, 11, 2], "texture": "#2"},
				"west": {"uv": [0.5, 3, 1, 4], "texture": "#2"},
				"up": {"uv": [11, 2.5, 0, 2], "texture": "#2"},
				"down": {"uv": [11, 2.5, 0, 3], "texture": "#2"}
			}
		},
		{
			"name": "Panel",
			"from": [-3, 3, 1],
			"to": [2, 15, 2],
			"rotation": {"angle": 0, "axis": "y", "origin": [0, 1, 0]},
			"faces": {
				"north": {"uv": [0, 0, 2.5, 6], "texture": "#3"},
				"east": {"uv": [5, 0, 5.5, 6], "texture": "#3"},
				"south": {"uv": [2.5, 0, 5, 6], "texture": "#3"},
				"west": {"uv": [5.5, 0, 6, 6], "texture": "#3"},
				"up": {"uv": [2.5, 6.5, 0, 6], "texture": "#3"},
				"down": {"uv": [8.5, 0, 6, 0.5], "texture": "#3"}
			}
		},
		{
			"name": "LeftFrame",
			"from": [17, 3, 1],
			"to": [19, 15, 2],
			"rotation": {"angle": 0, "axis": "y", "origin": [16, 1, 0]},
			"faces": {
				"north": {"uv": [0, 0, 2, 12], "texture": "#4"},
				"east": {"uv": [4, 0, 5, 12], "texture": "#4"},
				"south": {"uv": [2, 0, 4, 12], "texture": "#4"},
				"west": {"uv": [5, 0, 6, 12], "texture": "#4"},
				"up": {"uv": [8, 1, 6, 0], "texture": "#4"},
				"down": {"uv": [8, 1, 6, 2], "texture": "#4"}
			}
		},
		{
			"name": "Leg1",
			"from": [-1, 0, 2],
			"to": [1, 1, 4],
			"rotation": {"angle": 0, "axis": "y", "origin": [-1, 0, 2]},
			"faces": {
				"north": {"uv": [2, 0, 4, 1], "texture": "#5"},
				"east": {"uv": [2, 1, 4, 2], "texture": "#5"},
				"south": {"uv": [2, 2, 4, 3], "texture": "#5"},
				"west": {"uv": [2, 3, 4, 4], "texture": "#5"},
				"up": {"uv": [2, 2, 0, 0], "texture": "#5"},
				"down": {"uv": [2, 2, 0, 4], "texture": "#5"}
			}
		},
		{
			"name": "Leg2",
			"from": [-1, 0, 12],
			"to": [1, 1, 14],
			"rotation": {"angle": 0, "axis": "y", "origin": [-1, 0, 12]},
			"faces": {
				"north": {"uv": [2, 0, 4, 1], "texture": "#6"},
				"east": {"uv": [2, 1, 4, 2], "texture": "#6"},
				"south": {"uv": [2, 2, 4, 3], "texture": "#6"},
				"west": {"uv": [2, 3, 4, 4], "texture": "#6"},
				"up": {"uv": [2, 2, 0, 0], "texture": "#6"},
				"down": {"uv": [2, 2, 0, 4], "texture": "#6"}
			}
		},
		{
			"name": "Leg3",
			"from": [15, 0, 2],
			"to": [17, 1, 4],
			"rotation": {"angle": 0, "axis": "y", "origin": [15, 0, 2]},
			"faces": {
				"north": {"uv": [8, 0, 16, 4], "texture": "#9"},
				"east": {"uv": [8, 4, 16, 8], "texture": "#9"},
				"south": {"uv": [8, 8, 16, 12], "texture": "#9"},
				"west": {"uv": [8, 12, 16, 16], "texture": "#9"},
				"up": {"uv": [8, 8, 0, 0], "texture": "#9"},
				"down": {"uv": [8, 8, 0, 16], "texture": "#9"}
			}
		},
		{
			"name": "Leg4",
			"from": [15, 0, 12],
			"to": [17, 1, 14],
			"rotation": {"angle": 0, "axis": "y", "origin": [15, 0, 12]},
			"faces": {
				"north": {"uv": [8, 0, 16, 4], "texture": "#9"},
				"east": {"uv": [8, 4, 16, 8], "texture": "#9"},
				"south": {"uv": [8, 8, 16, 12], "texture": "#9"},
				"west": {"uv": [8, 12, 16, 16], "texture": "#9"},
				"up": {"uv": [8, 8, 0, 0], "texture": "#9"},
				"down": {"uv": [8, 8, 0, 16], "texture": "#9"}
			}
		}
	],
	"display": {
		"thirdperson_righthand": {
			"rotation": [46, 0, 0],
			"translation": [-6.25, 0, 0],
			"scale": [0.5, 0.5, 0.5]
		},
		"thirdperson_lefthand": {
			"rotation": [46, 0, 0],
			"translation": [-6.25, 0, 0],
			"scale": [0.5, 0.5, 0.5]
		},
		"firstperson_righthand": {
			"rotation": [114.47, 61.13, -120.74],
			"translation": [2.25, 2, -3.5],
			"scale": [0.5, 0.5, 0.5]
		},
		"firstperson_lefthand": {
			"rotation": [-15, 180, 0],
			"translation": [-12, 3.25, 0],
			"scale": [0.5, 0.5, 0.5]
		},
		"ground": {
			"translation": [0, 5.25, 0]
		},
		"gui": {
			"rotation": [0, 180, 0],
			"scale": [0.75, 0.75, 0.75]
		},
		"head": {
			"translation": [-1.5, 0, 0]
		},
		"fixed": {
			"rotation": [-90, 0, 0],
			"translation": [0, 0, -16.25],
			"scale": [2, 2, 2]
		}
	}
}