{
	"credit": "Made with Blockbench",
	"textures": {
		"1": "block/10mmPistol/Slide",
		"2": "block/10mmPistol/Slide",
		"15": "block/10mmPistol/Grip",
		"19": "block/10mmPistol/Ironsight",
		"21": "block/10mmPistol/Bits",
		"22": "block/10mmPistol/Barrel",
		"23": "block/10mmPistol/Body",
		"24": "block/10mmPistol/FrontNub2",
		"25": "block/10mmPistol/FrontNub"
	},
	"elements": [
		{
			"name": "Ironsight",
			"from": [8.5, 6, 5],
			"to": [8.5, 6.5, 6],
			"rotation": {"angle": 0, "axis": "y", "origin": [8.5, 7, 8.5]},
			"faces": {
				"north": {"uv": [0, 0, 0, 1], "texture": "#19"},
				"east": {"uv": [0, 0, 1, 1], "texture": "#19"},
				"south": {"uv": [0, 0, 0, 1], "texture": "#19"},
				"west": {"uv": [0, 1, 1, 2], "texture": "#19"},
				"up": {"uv": [0, 1, 0, 0], "texture": "#19"},
				"down": {"uv": [0, 0, 0, 1], "texture": "#19"}
			}
		},
		{
			"name": "Slide",
			"from": [7.8, 4.65, 6.85],
			"to": [9.15, 6.15, 11],
			"rotation": {"angle": 0, "axis": "y", "origin": [8.5, 4.9, 11.425]},
			"faces": {
				"north": {"uv": [0, 6, 2, 9], "texture": "#2"},
				"east": {"uv": [0, 0, 4, 3], "texture": "#2"},
				"south": {"uv": [6, 0, 8, 3], "texture": "#2"},
				"west": {"uv": [0, 3, 4, 6], "texture": "#2"},
				"up": {"uv": [6, 4, 4, 0], "texture": "#2"},
				"down": {"uv": [6, 4, 4, 8], "texture": "#2"}
			}
		},
		{
			"name": "Front Mounting",
			"from": [7.8, 4.65, 4.85],
			"to": [9.15, 6.15, 6.1],
			"rotation": {"angle": 0, "axis": "y", "origin": [8.5, 4.9, 5.425]},
			"faces": {
				"north": {"uv": [0, 0, 2, 3], "texture": "#1"},
				"east": {"uv": [0, 3, 1, 6], "texture": "#1"},
				"south": {"uv": [2, 0, 4, 3], "texture": "#1"},
				"west": {"uv": [1, 3, 2, 6], "texture": "#1"},
				"up": {"uv": [4, 4, 2, 3], "texture": "#1"},
				"down": {"uv": [6, 0, 4, 1], "texture": "#1"}
			}
		},
		{
			"name": "Barrel",
			"from": [7.975, 4.975, 4.5],
			"to": [8.975, 5.975, 5.75],
			"rotation": {"angle": 0, "axis": "y", "origin": [8.5, 4.9, 5.425]},
			"faces": {
				"north": {"uv": [0, 0, 1, 1], "texture": "#22"},
				"east": {"uv": [0, 1, 1, 2], "texture": "#22"},
				"south": {"uv": [1, 0, 2, 1], "texture": "#22"},
				"west": {"uv": [1, 1, 2, 2], "texture": "#22"},
				"up": {"uv": [1, 3, 0, 2], "texture": "#22"},
				"down": {"uv": [3, 0, 2, 1], "texture": "#22"}
			}
		},
		{
			"name": "Front Nub",
			"from": [8.1, 2.75, 5.75],
			"to": [8.85, 3.5, 8],
			"rotation": {"angle": 0, "axis": "y", "origin": [8.5, 3.9, 6.425]},
			"faces": {
				"north": {"uv": [1, 2, 2, 3], "texture": "#25"},
				"east": {"uv": [0, 0, 2, 1], "texture": "#25"},
				"south": {"uv": [2, 2, 3, 3], "texture": "#25"},
				"west": {"uv": [0, 1, 2, 2], "texture": "#25"},
				"up": {"uv": [1, 4, 0, 2], "texture": "#25"},
				"down": {"uv": [3, 0, 2, 2], "texture": "#25"}
			}
		},
		{
			"name": "Front Nub2",
			"from": [8.1, 3.75, 4.75],
			"to": [8.85, 4.5, 6],
			"rotation": {"angle": 0, "axis": "y", "origin": [8.5, 4.9, 5.425]},
			"faces": {
				"north": {"uv": [0, 0, 1, 1], "texture": "#24"},
				"east": {"uv": [0, 1, 1, 2], "texture": "#24"},
				"south": {"uv": [1, 0, 2, 1], "texture": "#24"},
				"west": {"uv": [1, 1, 2, 2], "texture": "#24"},
				"up": {"uv": [1, 3, 0, 2], "texture": "#24"},
				"down": {"uv": [3, 0, 2, 1], "texture": "#24"}
			}
		},
		{
			"name": "Grip Backing",
			"from": [8, 4.075, 10.775],
			"to": [9, 4.575, 11.775],
			"rotation": {"angle": -22.5, "axis": "x", "origin": [8.5, 3.9, 10.425]},
			"faces": {
				"north": {"uv": [3, 2, 2, 3], "rotation": 180, "texture": "#21"},
				"east": {"uv": [1, 0, 2, 2], "rotation": 270, "texture": "#21"},
				"south": {"uv": [2, 3, 1, 2], "texture": "#21"},
				"west": {"uv": [2, 0, 3, 2], "rotation": 90, "texture": "#21"},
				"up": {"uv": [0, 0, 1, 2], "rotation": 180, "texture": "#21"},
				"down": {"uv": [0, 2, 1, 4], "texture": "#21"}
			}
		},
		{
			"name": "Backplate",
			"from": [8, 5.25, 10.75],
			"to": [9, 5.85, 11.25],
			"rotation": {"angle": 0, "axis": "y", "origin": [8.5, 4.9, 11.425]},
			"faces": {
				"north": {"uv": [0, 0, 1, 2], "texture": "#21"},
				"east": {"uv": [1, 0, 2, 2], "texture": "#21"},
				"south": {"uv": [0, 2, 1, 4], "texture": "#21"},
				"west": {"uv": [2, 0, 3, 2], "texture": "#21"},
				"up": {"uv": [2, 3, 1, 2], "texture": "#21"},
				"down": {"uv": [3, 2, 2, 3], "texture": "#21"}
			}
		},
		{
			"name": "Left Rear Sight",
			"from": [8, 5.85, 9.775],
			"to": [8.35, 6.35, 10.775],
			"rotation": {"angle": 0, "axis": "y", "origin": [8.5, 5.9, 9.425]},
			"faces": {
				"north": {"uv": [3, 2, 2, 3], "rotation": 180, "texture": "#21"},
				"east": {"uv": [1, 0, 2, 2], "rotation": 270, "texture": "#21"},
				"south": {"uv": [2, 3, 1, 2], "texture": "#21"},
				"west": {"uv": [2, 0, 3, 2], "rotation": 90, "texture": "#21"},
				"up": {"uv": [0, 0, 1, 2], "rotation": 180, "texture": "#21"},
				"down": {"uv": [0, 2, 1, 4], "texture": "#21"}
			}
		},
		{
			"name": "Right Rear Sight",
			"from": [8.65, 5.85, 9.775],
			"to": [9, 6.35, 10.775],
			"rotation": {"angle": 0, "axis": "y", "origin": [9.5, 5.9, 9.425]},
			"faces": {
				"north": {"uv": [3, 2, 2, 3], "rotation": 180, "texture": "#21"},
				"east": {"uv": [1, 0, 2, 2], "rotation": 270, "texture": "#21"},
				"south": {"uv": [2, 3, 1, 2], "texture": "#21"},
				"west": {"uv": [2, 0, 3, 2], "rotation": 90, "texture": "#21"},
				"up": {"uv": [0, 0, 1, 2], "rotation": 180, "texture": "#21"},
				"down": {"uv": [0, 2, 1, 4], "texture": "#21"}
			}
		},
		{
			"name": "Trigger Guard",
			"from": [7.9, 3.5, 8.25],
			"to": [9.05, 4, 9.75],
			"rotation": {"angle": 0, "axis": "y", "origin": [8.5, 4, 9]},
			"faces": {
				"north": {"uv": [2, 3, 1, 2], "rotation": 180, "texture": "#21"},
				"east": {"uv": [1, 0, 2, 2], "rotation": 90, "texture": "#21"},
				"south": {"uv": [3, 2, 2, 3], "texture": "#21"},
				"west": {"uv": [2, 0, 3, 2], "rotation": 270, "texture": "#21"},
				"up": {"uv": [0, 2, 1, 4], "texture": "#21"},
				"down": {"uv": [0, 0, 1, 2], "rotation": 180, "texture": "#21"}
			}
		},
		{
			"name": "Body",
			"from": [7.85, 3.35, 5],
			"to": [9.1, 6.1, 8.5],
			"rotation": {"angle": 0, "axis": "y", "origin": [8.45, 4.8, 7.25]},
			"faces": {
				"north": {"uv": [0, 6, 1, 9], "texture": "#23"},
				"east": {"uv": [0, 0, 5, 3], "texture": "#23"},
				"south": {"uv": [6, 0, 7, 3], "texture": "#23"},
				"west": {"uv": [0, 3, 5, 6], "texture": "#23"},
				"up": {"uv": [6, 5, 5, 0], "texture": "#23"},
				"down": {"uv": [6, 5, 5, 10], "texture": "#23"}
			}
		},
		{
			"name": "Handle",
			"from": [8, 2, 10],
			"to": [9, 5, 11.5],
			"rotation": {"angle": -22.5, "axis": "x", "origin": [8.5, 2, 10.5]},
			"faces": {
				"north": {"uv": [0, 0, 1, 5], "texture": "#15"},
				"east": {"uv": [1, 0, 2, 5], "texture": "#15"},
				"south": {"uv": [2, 0, 3, 5], "texture": "#15"},
				"west": {"uv": [3, 0, 4, 5], "texture": "#15"},
				"up": {"uv": [5, 1, 4, 0], "texture": "#15"},
				"down": {"uv": [5, 1, 4, 2], "texture": "#15"}
			}
		}
	],
	"display": {
		"thirdperson_righthand": {
			"translation": [0, 5.5, -2.25],
			"scale": [1.25, 1.25, 1.25]
		},
		"thirdperson_lefthand": {
			"translation": [0, 5.5, -2.25],
			"scale": [1.25, 1.25, 1.25]
		},
		"firstperson_righthand": {
			"rotation": [47, 0, 0],
			"translation": [0.25, 10.5, 4.75],
			"scale": [2, 2, 1.4]
		},
		"firstperson_lefthand": {
			"rotation": [47, 0, 0],
			"translation": [0.25, 10.5, 4.75],
			"scale": [2, 2, 1.4]
		},
		"ground": {
			"rotation": [0, 0, 90],
			"translation": [-6.75, -5.5, 0],
			"scale": [1.75, 1.75, 1.75]
		},
		"gui": {
			"rotation": [0, 90, 0],
			"translation": [0, 5, 0]
		},
		"head": {
			"rotation": [-82, 0, 0],
			"translation": [8.5, -27, -6.75],
			"scale": [2, 2, 2]
		},
		"fixed": {
			"rotation": [0, 90, 0],
			"translation": [0, 16.25, 0],
			"scale": [4, 4, 4]
		}
	},
	"groups": [
		{
			"name": "Guard",
			"origin": [8.5, 3, 11.5],
			"color": 0,
			"children": []
		},
		{
			"name": "Extras",
			"origin": [8.5, 7, 3.5],
			"color": 0,
			"children": [0]
		},
		{
			"name": "Main",
			"origin": [8.5, 3, 2.5],
			"color": 0,
			"children": [1, 2, 3, 4, 5, 6, 7, 8, 9, 10, 11]
		},
		{
			"name": "Stock",
			"origin": [8.5, 2, 11.5],
			"color": 0,
			"children": [12]
		}
	]
}