{
	"credit": "Made with Blockbench",
	"texture_size": [32, 32],
	"textures": {
		"0": "block/ACUnit/1",
		"1": "block/ACUnit/2",
		"2": "block/ACUnit/3",
		"3": "block/ACUnit/4",
		"4": "block/ACUnit/5",
		"particle": "block/ACUnit/1"
	},
	"elements": [
		{
			"name": "Main",
			"from": [-3, 0, 1],
			"to": [19, 16, 16],
			"rotation": {"angle": 0, "axis": "y", "origin": [-3, 0, 1]},
			"faces": {
				"north": {"uv": [0, 0, 5.5, 4], "texture": "#0"},
				"east": {"uv": [5.5, 7.5, 9.25, 11.5], "texture": "#0"},
				"south": {"uv": [0, 4, 5.5, 8], "texture": "#0"},
				"west": {"uv": [0, 8, 3.75, 12], "texture": "#0"},
				"up": {"uv": [11, 3.75, 5.5, 0], "texture": "#0"},
				"down": {"uv": [11, 3.75, 5.5, 7.5], "texture": "#0"}
			}
		},
		{
			"name": "Leg1",
			"from": [0, -7, 10],
			"to": [3, 2, 12],
			"rotation": {"angle": -45, "axis": "x", "origin": [0, 0, 10]},
			"faces": {
				"north": {"uv": [0, 0, 3, 9], "texture": "#1"},
				"east": {"uv": [6, 0, 8, 9], "texture": "#1"},
				"south": {"uv": [3, 0, 6, 9], "texture": "#1"},
				"west": {"uv": [8, 0, 10, 9], "texture": "#1"},
				"up": {"uv": [3, 11, 0, 9], "texture": "#1"},
				"down": {"uv": [6, 9, 3, 11], "texture": "#1"}
			}
		},
		{
			"name": "Leg2",
			"from": [13, -7, 10],
			"to": [16, 2, 12],
			"rotation": {"angle": -45, "axis": "x", "origin": [13, 0, 10]},
			"faces": {
				"north": {"uv": [0, 0, 3, 9], "texture": "#1"},
				"east": {"uv": [0, 0, 2, 9], "texture": "#1"},
				"south": {"uv": [0, 0, 3, 9], "texture": "#1"},
				"west": {"uv": [0, 0, 2, 9], "texture": "#1"},
				"up": {"uv": [0, 0, 3, 2], "texture": "#1"},
				"down": {"uv": [0, 0, 3, 2], "texture": "#1"}
			}
		},
		{
			"name": "Backplate1",
			"from": [-1, -6, 15],
			"to": [4, 18, 17],
			"rotation": {"angle": 0, "axis": "y", "origin": [0, 0, 15]},
			"faces": {
				"north": {"uv": [0, 0, 2.5, 8], "texture": "#2"},
				"east": {"uv": [0, 0, 1, 8], "texture": "#2"},
				"south": {"uv": [0, 0, 2.5, 8], "texture": "#2"},
				"west": {"uv": [0, 0, 1, 8], "texture": "#2"},
				"up": {"uv": [0, 0, 2.5, 1], "texture": "#2"},
				"down": {"uv": [0, 0, 2.5, 1], "texture": "#2"}
			}
		},
		{
			"name": "Backplate2",
			"from": [12, -6, 15],
			"to": [17, 18, 17],
			"rotation": {"angle": 0, "axis": "y", "origin": [14, 0, 15]},
			"faces": {
				"north": {"uv": [0, 0, 2.5, 12], "texture": "#2"},
				"east": {"uv": [5, 0, 6, 12], "texture": "#2"},
				"south": {"uv": [2.5, 0, 5, 12], "texture": "#2"},
				"west": {"uv": [6, 0, 7, 12], "texture": "#2"},
				"up": {"uv": [9.5, 1, 7, 0], "texture": "#2"},
				"down": {"uv": [9.5, 1, 7, 2], "texture": "#2"}
			}
		},
		{
			"name": "Panel",
			"from": [7, 1, 0],
			"to": [18, 15, 2],
			"faces": {
				"north": {"uv": [0, 0, 5.5, 7], "texture": "#3"},
				"east": {"uv": [0, 7, 1, 14], "texture": "#3"},
				"south": {"uv": [5.5, 0, 11, 7], "texture": "#3"},
				"west": {"uv": [1, 7, 2, 14], "texture": "#3"},
				"up": {"uv": [7.5, 8, 2, 7], "texture": "#3"},
				"down": {"uv": [13, 7, 7.5, 8], "texture": "#3"}
			}
		},
		{
			"from": [-2, 4, 0],
			"to": [6, 15, 2],
			"faces": {
				"north": {"uv": [0, 0, 4, 5.5], "texture": "#4"},
				"east": {"uv": [0, 5.5, 1, 11], "texture": "#4"},
				"south": {"uv": [4, 0, 8, 5.5], "texture": "#4"},
				"west": {"uv": [1, 5.5, 2, 11], "texture": "#4"},
				"up": {"uv": [6, 6.5, 2, 5.5], "texture": "#4"},
				"down": {"uv": [10, 5.5, 6, 6.5], "texture": "#4"}
			}
		}
	],
	"display": {
		"thirdperson_righthand": {
			"translation": [0, -1, -2.75],
			"scale": [0.5, 0.5, 0.5]
		},
		"thirdperson_lefthand": {
			"translation": [0, -1, -2.75],
			"scale": [0.5, 0.5, 0.5]
		},
		"firstperson_righthand": {
			"rotation": [0, 103, 0],
			"scale": [0.5, 0.5, 0.5]
		},
		"firstperson_lefthand": {
			"rotation": [0, 103, 0],
			"scale": [0.5, 0.5, 0.5]
		},
		"ground": {
			"translation": [0, 5.25, 0],
			"scale": [0.5, 0.5, 0.5]
		},
		"head": {
			"translation": [0, 1.25, 0]
		},
		"fixed": {
			"rotation": [-90, 0, 0],
			"translation": [0, -1.75, 16],
			"scale": [2, 2, 2]
		}
	}
}