{
	"credit": "Made with Blockbench",
	"texture_size": [32, 32],
	"textures": {
		"0": "block/PizzaBoxes/1",
		"1": "block/PizzaBoxes/2",
		"2": "block/PizzaBoxes/3",
		"3": "block/PizzaBoxes/4",
		"particle": "block/PizzaBoxes/1"
	},
	"elements": [
		{
			"name": "Bottom",
			"from": [1, 2, 1],
			"to": [15, 2.1, 15],
			"rotation": {"angle": 0, "axis": "y", "origin": [0, 2, 0]},
			"faces": {
				"north": {"uv": [7, 0, 14, 0.5], "texture": "#2"},
				"east": {"uv": [7, 0.5, 14, 1], "texture": "#2"},
				"south": {"uv": [7, 1, 14, 1.5], "texture": "#2"},
				"west": {"uv": [7, 1.5, 14, 2], "texture": "#2"},
				"up": {"uv": [7, 7, 0, 0], "texture": "#2"},
				"down": {"uv": [7, 7, 0, 14], "texture": "#2"}
			}
		},
		{
			"name": "Top",
			"from": [1.5, 4.51, 2],
			"to": [15.5, 5.51, 14],
			"rotation": {"angle": -22.5, "axis": "z", "origin": [10.5, 5.01, 8]},
			"faces": {
				"north": {"uv": [7, 0, 14, 0.5], "texture": "#3"},
				"east": {"uv": [7, 1, 13, 1.5], "texture": "#3"},
				"south": {"uv": [7, 0.5, 14, 1], "texture": "#3"},
				"west": {"uv": [7, 1.5, 13, 2], "texture": "#3"},
				"up": {"uv": [7, 6, 0, 0], "texture": "#3"},
				"down": {"uv": [7, 6, 0, 12], "texture": "#3"}
			}
		},
		{
			"name": "Side1",
			"from": [1, 2.01, 1],
			"to": [15, 4.01, 2],
			"rotation": {"angle": 0, "axis": "y", "origin": [0, 2, 0]},
			"faces": {
				"north": {"uv": [0, 0, 14, 2], "texture": "#0"},
				"east": {"uv": [0, 6, 1, 8], "texture": "#0"},
				"south": {"uv": [0, 2, 14, 4], "texture": "#0"},
				"west": {"uv": [1, 6, 2, 8], "texture": "#0"},
				"up": {"uv": [14, 5, 0, 4], "texture": "#0"},
				"down": {"uv": [14, 5, 0, 6], "texture": "#0"}
			}
		},
		{
			"name": "Side2",
			"from": [1, 2.01, 14],
			"to": [15, 4.01, 15],
			"rotation": {"angle": 0, "axis": "y", "origin": [0, 2, 13]},
			"faces": {
				"north": {"uv": [0, 0, 14, 2], "texture": "#0"},
				"east": {"uv": [0, 0, 1, 2], "texture": "#0"},
				"south": {"uv": [0, 0, 14, 2], "texture": "#0"},
				"west": {"uv": [0, 0, 1, 2], "texture": "#0"},
				"up": {"uv": [0, 0, 14, 1], "texture": "#0"},
				"down": {"uv": [0, 0, 14, 1], "texture": "#0"}
			}
		},
		{
			"name": "Side3",
			"from": [14, 2.01, 2],
			"to": [15, 3.01, 14],
			"rotation": {"angle": 0, "axis": "y", "origin": [0, 2, 13]},
			"faces": {
				"north": {"uv": [0, 0, 1, 1], "texture": "#1"},
				"east": {"uv": [0, 0, 12, 1], "texture": "#1"},
				"south": {"uv": [0, 0, 1, 1], "texture": "#1"},
				"west": {"uv": [0, 0, 12, 1], "texture": "#1"},
				"up": {"uv": [0, 0, 1, 12], "texture": "#1"},
				"down": {"uv": [0, 0, 1, 12], "texture": "#1"}
			}
		},
		{
			"name": "Side4",
			"from": [1, 2.01, 2],
			"to": [2, 4.01, 14],
			"rotation": {"angle": 0, "axis": "y", "origin": [-13, 2, 13]},
			"faces": {
				"north": {"uv": [2, 4, 3, 6], "texture": "#1"},
				"east": {"uv": [0, 0, 12, 2], "texture": "#1"},
				"south": {"uv": [3, 4, 4, 6], "texture": "#1"},
				"west": {"uv": [0, 2, 12, 4], "texture": "#1"},
				"up": {"uv": [1, 16, 0, 4], "texture": "#1"},
				"down": {"uv": [2, 4, 1, 16], "texture": "#1"}
			}
		},
		{
			"name": "Side4",
			"from": [1, 0.01, 2],
			"to": [2, 2.01, 14],
			"rotation": {"angle": -22.5, "axis": "y", "origin": [8, 0.505, 8]},
			"faces": {
				"north": {"uv": [0, 0, 1, 2], "texture": "#1"},
				"east": {"uv": [0, 0, 12, 2], "texture": "#1"},
				"south": {"uv": [0, 0, 1, 2], "texture": "#1"},
				"west": {"uv": [0, 0, 12, 2], "texture": "#1"},
				"up": {"uv": [0, 0, 1, 12], "texture": "#1"},
				"down": {"uv": [0, 0, 1, 12], "texture": "#1"}
			}
		},
		{
			"name": "Side1",
			"from": [1, 0.01, 1],
			"to": [15, 2.01, 2],
			"rotation": {"angle": -22.5, "axis": "y", "origin": [8, 0.505, 8]},
			"faces": {
				"north": {"uv": [0, 0, 14, 2], "texture": "#0"},
				"east": {"uv": [0, 0, 1, 2], "texture": "#0"},
				"south": {"uv": [0, 0, 14, 2], "texture": "#0"},
				"west": {"uv": [0, 0, 1, 2], "texture": "#0"},
				"up": {"uv": [0, 0, 14, 1], "texture": "#0"},
				"down": {"uv": [0, 0, 14, 1], "texture": "#0"}
			}
		},
		{
			"name": "Side2",
			"from": [1, 0.01, 14],
			"to": [15, 2.01, 15],
			"rotation": {"angle": -22.5, "axis": "y", "origin": [8, 0.505, 8]},
			"faces": {
				"north": {"uv": [0, 0, 14, 2], "texture": "#0"},
				"east": {"uv": [0, 0, 1, 2], "texture": "#0"},
				"south": {"uv": [0, 0, 14, 2], "texture": "#0"},
				"west": {"uv": [0, 0, 1, 2], "texture": "#0"},
				"up": {"uv": [0, 0, 14, 1], "texture": "#0"},
				"down": {"uv": [0, 0, 14, 1], "texture": "#0"}
			}
		},
		{
			"name": "Side3",
			"from": [14, 0.01, 2],
			"to": [15, 2.01, 14],
			"rotation": {"angle": -22.5, "axis": "y", "origin": [8, 0.505, 8]},
			"faces": {
				"north": {"uv": [0, 0, 1, 2], "texture": "#1"},
				"east": {"uv": [0, 0, 12, 2], "texture": "#1"},
				"south": {"uv": [0, 0, 1, 2], "texture": "#1"},
				"west": {"uv": [0, 0, 12, 2], "texture": "#1"},
				"up": {"uv": [0, 0, 1, 12], "texture": "#1"},
				"down": {"uv": [0, 0, 1, 12], "texture": "#1"}
			}
		},
		{
			"name": "Bottom",
			"from": [1, 0, 1],
			"to": [15, 0.1, 15],
			"rotation": {"angle": -22.5, "axis": "y", "origin": [8, 0.505, 8]},
			"faces": {
				"north": {"uv": [0, 0, 7, 0.05], "texture": "#2"},
				"east": {"uv": [0, 0, 7, 0.05], "texture": "#2"},
				"south": {"uv": [0, 0, 7, 0.05], "texture": "#2"},
				"west": {"uv": [0, 0, 7, 0.05], "texture": "#2"},
				"up": {"uv": [0, 0, 7, 7], "texture": "#2"},
				"down": {"uv": [0, 0, 7, 7], "texture": "#2"}
			}
		}
	],
	"display": {
		"thirdperson_righthand": {
			"translation": [0, 6, 0],
			"scale": [0.75, 0.75, 0.75]
		},
		"thirdperson_lefthand": {
			"translation": [0, 6, 0],
			"scale": [0.75, 0.75, 0.75]
		},
		"firstperson_righthand": {
			"translation": [0, 4.5, 0]
		},
		"firstperson_lefthand": {
			"translation": [0, 4.5, 0]
		},
		"ground": {
			"translation": [0, 4.75, 0]
		},
		"gui": {
			"rotation": [13, 0, 0],
			"translation": [0, 3, 0],
			"scale": [0.75, 0.75, 0.75]
		},
		"head": {
			"translation": [0, 14.5, 0]
		},
		"fixed": {
			"rotation": [-90, 0, 0],
			"translation": [0, 0, -16],
			"scale": [2, 2, 2]
		}
	},
	"groups": [
		{
			"name": "TopBox",
			"origin": [10.5, 3.01, 8],
			"color": 0,
			"children": [0, 1, 2, 3, 4, 5]
		},
		{
			"name": "BottomBox",
			"origin": [-13, 0, 13],
			"color": 0,
			"children": [6, 7, 8, 9, 10]
		}
	]
}