{
	"credit": "Made with Blockbench",
	"textures": {
		"2": "block/Baton/Stoppers",
		"5": "block/Baton/BatonRod",
		"6": "block/Baton/BatonGrip"
	},
	"elements": [
		{
			"name": "Grip",
			"from": [7.125, -1, 7.125],
			"to": [8.875, 9, 8.875],
			"rotation": {"angle": 0, "axis": "y", "origin": [8.025, 1.5, 8.025]},
			"faces": {
				"north": {"uv": [0, 0, 2, 10], "texture": "#6"},
				"east": {"uv": [2, 0, 4, 10], "texture": "#6"},
				"south": {"uv": [4, 0, 6, 10], "texture": "#6"},
				"west": {"uv": [6, 0, 8, 10], "texture": "#6"},
				"up": {"uv": [10, 2, 8, 0], "texture": "#6"},
				"down": {"uv": [10, 2, 8, 4], "texture": "#6"}
			}
		},
		{
			"name": "Pommel",
			"from": [6.75, 0, 7],
			"to": [9.25, 1, 9],
			"faces": {
				"north": {"uv": [3, 0, 6, 1], "texture": "#2"},
				"east": {"uv": [3, 2, 5, 3], "texture": "#2"},
				"south": {"uv": [3, 1, 6, 2], "texture": "#2"},
				"west": {"uv": [3, 3, 5, 4], "texture": "#2"},
				"up": {"uv": [3, 2, 0, 0], "texture": "#2"},
				"down": {"uv": [3, 2, 0, 4], "texture": "#2"}
			}
		},
		{
			"name": "Pommel",
			"from": [6.75, 8, 7],
			"to": [9.25, 9, 9],
			"rotation": {"angle": 0, "axis": "y", "origin": [0, 8, 0]},
			"faces": {
				"north": {"uv": [3, 0, 6, 1], "texture": "#2"},
				"east": {"uv": [3, 2, 5, 3], "texture": "#2"},
				"south": {"uv": [3, 1, 6, 2], "texture": "#2"},
				"west": {"uv": [3, 3, 5, 4], "texture": "#2"},
				"up": {"uv": [3, 2, 0, 0], "texture": "#2"},
				"down": {"uv": [3, 2, 0, 4], "texture": "#2"}
			}
		},
		{
			"name": "Pommel",
			"from": [7.25, 22, 7.25],
			"to": [8.75, 22.5, 8.75],
			"rotation": {"angle": 0, "axis": "y", "origin": [0, 22, 0]},
			"faces": {
				"north": {"uv": [3, 0, 6, 1], "texture": "#2"},
				"east": {"uv": [3, 2, 5, 3], "texture": "#2"},
				"south": {"uv": [3, 1, 6, 2], "texture": "#2"},
				"west": {"uv": [3, 3, 5, 4], "texture": "#2"},
				"up": {"uv": [3, 2, 0, 0], "texture": "#2"},
				"down": {"uv": [3, 2, 0, 4], "texture": "#2"}
			}
		},
		{
			"name": "Grip",
			"from": [7.125, 9, 7.125],
			"to": [8.875, 13, 8.875],
			"rotation": {"angle": 0, "axis": "y", "origin": [8.025, 11.5, 8.025]},
			"faces": {
				"north": {"uv": [0, 0, 2, 5], "texture": "#5"},
				"east": {"uv": [2, 0, 4, 5], "texture": "#5"},
				"south": {"uv": [4, 0, 6, 5], "texture": "#5"},
				"west": {"uv": [0, 5, 2, 10], "texture": "#5"},
				"up": {"uv": [4, 7, 2, 5], "texture": "#5"},
				"down": {"uv": [6, 5, 4, 7], "texture": "#5"}
			}
		},
		{
			"name": "Grip",
			"from": [7.375, 17, 7.375],
			"to": [8.625, 22, 8.625],
			"rotation": {"angle": 0, "axis": "y", "origin": [8.025, 19.5, 8.025]},
			"faces": {
				"north": {"uv": [0, 0, 2, 5], "texture": "#5"},
				"east": {"uv": [2, 0, 4, 5], "texture": "#5"},
				"south": {"uv": [4, 0, 6, 5], "texture": "#5"},
				"west": {"uv": [0, 5, 2, 10], "texture": "#5"},
				"up": {"uv": [4, 7, 2, 5], "texture": "#5"},
				"down": {"uv": [6, 5, 4, 7], "texture": "#5"}
			}
		},
		{
			"name": "Grip",
			"from": [7.25, 13, 7.25],
			"to": [8.75, 17, 8.75],
			"rotation": {"angle": 0, "axis": "y", "origin": [8.025, 15.5, 8.025]},
			"faces": {
				"north": {"uv": [0, 0, 2, 5], "texture": "#5"},
				"east": {"uv": [2, 0, 4, 5], "texture": "#5"},
				"south": {"uv": [4, 0, 6, 5], "texture": "#5"},
				"west": {"uv": [0, 5, 2, 10], "texture": "#5"},
				"up": {"uv": [4, 7, 2, 5], "texture": "#5"},
				"down": {"uv": [6, 5, 4, 7], "texture": "#5"}
			}
		}
	],
	"display": {
		"thirdperson_righthand": {
			"rotation": [0, 90, 0],
			"translation": [0, 0.75, 1.25],
			"scale": [0.75, 0.75, 0.75]
		},
		"thirdperson_lefthand": {
			"rotation": [0, 90, 0],
			"translation": [0, 0.75, 2],
			"scale": [0.75, 0.75, 0.75]
		},
		"firstperson_righthand": {
			"rotation": [-20, 90, 0],
			"translation": [2.25, 1.5, 0],
			"scale": [0.75, 0.75, 0.75]
		},
		"firstperson_lefthand": {
			"rotation": [-20, 90, 0],
			"translation": [2.25, 1.5, 0],
			"scale": [0.75, 0.75, 0.75]
		},
		"ground": {
			"rotation": [90, 0, 90]
		},
		"gui": {
			"rotation": [0, 0, -45],
			"translation": [-1.25, -1.75, 0],
			"scale": [0.75, 0.75, 0.75]
		},
		"fixed": {
			"translation": [0, -3, -1.25],
			"scale": [1.5, 1.5, 1.5]
		}
	}
}