{
	"credit": "Made with Blockbench",
	"textures": {
		"0": "block/ReadingScreen/1",
		"1": "block/ReadingScreen/2",
		"2": "block/ReadingScreen/3",
		"3": "block/ReadingScreen/4",
		"particle": "block/ReadingScreen/1"
	},
	"elements": [
		{
			"from": [2, 0, 1],
			"to": [14, 1, 15],
			"faces": {
				"north": {"uv": [0, 7.5, 6, 8], "texture": "#0"},
				"east": {"uv": [0, 7, 7, 7.5], "texture": "#0"},
				"south": {"uv": [6, 7.5, 12, 8], "texture": "#0"},
				"west": {"uv": [7, 7, 14, 7.5], "texture": "#0"},
				"up": {"uv": [6, 7, 0, 0], "texture": "#0"},
				"down": {"uv": [12, 0, 6, 7], "texture": "#0"}
			}
		},
		{
			"from": [3, 1, 5],
			"to": [13, 2, 14],
			"faces": {
				"north": {"uv": [5, 0, 10, 0.5], "texture": "#1"},
				"east": {"uv": [5, 1, 9.5, 1.5], "texture": "#1"},
				"south": {"uv": [5, 0.5, 10, 1], "texture": "#1"},
				"west": {"uv": [5, 1.5, 9.5, 2], "texture": "#1"},
				"up": {"uv": [5, 4.5, 0, 0], "texture": "#1"},
				"down": {"uv": [5, 4.5, 0, 9], "texture": "#1"}
			}
		},
		{
			"from": [7, 1, 2],
			"to": [13, 2, 4],
			"faces": {
				"north": {"uv": [0, 4, 6, 5], "texture": "#2"},
				"east": {"uv": [0, 6, 2, 7], "texture": "#2"},
				"south": {"uv": [0, 5, 6, 6], "texture": "#2"},
				"west": {"uv": [6, 0, 8, 1], "texture": "#2"},
				"up": {"uv": [6, 2, 0, 0], "texture": "#2"},
				"down": {"uv": [6, 2, 0, 4], "texture": "#2"}
			}
		},
		{
			"from": [3, 1, 2],
			"to": [6, 2, 4],
			"faces": {
				"north": {"uv": [3, 0, 6, 1], "texture": "#3"},
				"east": {"uv": [3, 2, 5, 3], "texture": "#3"},
				"south": {"uv": [3, 1, 6, 2], "texture": "#3"},
				"west": {"uv": [3, 3, 5, 4], "texture": "#3"},
				"up": {"uv": [3, 2, 0, 0], "texture": "#3"},
				"down": {"uv": [3, 2, 0, 4], "texture": "#3"}
			}
		}
	],
	"display": {
		"thirdperson_righthand": {
			"translation": [0, 3.75, 0],
			"scale": [0.5, 0.5, 0.5]
		},
		"thirdperson_lefthand": {
			"translation": [0, 3.75, 0],
			"scale": [0.5, 0.5, 0.5]
		},
		"firstperson_righthand": {
			"rotation": [47, 180, 0],
			"translation": [0, 6.5, 1.75],
			"scale": [0.5, 0.5, 0.5]
		},
		"firstperson_lefthand": {
			"rotation": [47, 180, 0],
			"translation": [0, 6.5, 1.75],
			"scale": [0.5, 0.5, 0.5]
		},
		"ground": {
			"translation": [0, 6.25, 0]
		},
		"gui": {
			"rotation": [90, 180, 0]
		},
		"head": {
			"translation": [0, 14.5, 0]
		},
		"fixed": {
			"rotation": [-90, 0, 0],
			"translation": [0, 0, -16.25],
			"scale": [2, 2, 2]
		}
	}
}