{
	"credit": "Made with Blockbench",
	"textures": {
		"0": "block/BountySign/1",
		"1": "block/BountySign/2",
		"particle": "block/BountySign/1"
	},
	"elements": [
		{
			"name": "Poster",
			"from": [2, 0.1, 0],
			"to": [14, 0.1, 16],
			"faces": {
				"north": {"uv": [0, 0, 6, 0], "texture": "#0"},
				"east": {"uv": [0, 0, 8, 0], "texture": "#0"},
				"south": {"uv": [0, 0, 6, 0], "texture": "#0"},
				"west": {"uv": [0, 0, 8, 0], "texture": "#0"},
				"up": {"uv": [0, 0, 6, 8], "texture": "#0"},
				"down": {"uv": [0, 0, 6, 8], "texture": "#0"}
			}
		},
		{
			"name": "Bounty",
			"from": [3, 0.2, 2],
			"to": [8, 0.2, 14],
			"rotation": {"angle": 0, "axis": "y", "origin": [0, 0, 1]},
			"faces": {
				"north": {"uv": [0, 0, 5, 0], "texture": "#1"},
				"east": {"uv": [0, 0, 12, 0], "texture": "#1"},
				"south": {"uv": [0, 0, 5, 0], "texture": "#1"},
				"west": {"uv": [0, 0, 12, 0], "texture": "#1"},
				"up": {"uv": [5, 12, 0, 0], "texture": "#1"},
				"down": {"uv": [10, 0, 5, 12], "texture": "#1"}
			}
		}
	],
	"display": {
		"thirdperson_righthand": {
			"rotation": [0, 23, 0],
			"translation": [0, 4.25, 0],
			"scale": [0.5, 0.5, 0.5]
		},
		"thirdperson_lefthand": {
			"rotation": [0, 23, 0],
			"translation": [0, 4.25, 0],
			"scale": [0.5, 0.5, 0.5]
		},
		"firstperson_righthand": {
			"rotation": [0, -106, 0],
			"translation": [0, 8.75, 0]
		},
		"firstperson_lefthand": {
			"rotation": [0, -106, 0],
			"translation": [0, 8.75, 0]
		},
		"ground": {
			"translation": [0, 5, 0]
		},
		"gui": {
			"rotation": [90, -90, 0]
		},
		"head": {
			"rotation": [-90, 89, 0],
			"translation": [0, 0, -14.5]
		},
		"fixed": {
			"rotation": [-90, 90, 0],
			"translation": [0, 0, -16.25],
			"scale": [2, 2, 2]
		}
	}
}