{
	"credit": "Made with Blockbench",
	"texture_size": [32, 32],
	"textures": {
		"0": "block/1",
		"1": "block/2",
		"2": "block/3",
		"4": "block/5",
		"5": "block/6",
		"6": "block/7",
		"7": "block/8",
		"8": "block/9",
		"9": "block/10",
		"10": "block/11",
		"11": "block/4",
		"particle": "block/1"
	},
	"elements": [
		{
			"name": "Bod",
			"from": [0, 0, 2],
			"to": [16, 5, 14],
			"faces": {
				"north": {"uv": [8, 0, 16, 2.5], "texture": "#0"},
				"east": {"uv": [8, 5, 14, 7.5], "texture": "#0"},
				"south": {"uv": [8, 2.5, 16, 5], "texture": "#0"},
				"west": {"uv": [8, 7.5, 14, 10], "texture": "#0"},
				"up": {"uv": [8, 6, 0, 0], "texture": "#0"},
				"down": {"uv": [8, 6, 0, 12], "texture": "#0"}
			}
		},
		{
			"name": "TopBod",
			"from": [2, 0, 14],
			"to": [14, 5, 16],
			"faces": {
				"north": {"uv": [0, 0, 12, 5], "texture": "#1"},
				"east": {"uv": [12, 0, 14, 5], "texture": "#1"},
				"south": {"uv": [0, 5, 12, 10], "texture": "#1"},
				"west": {"uv": [12, 5, 14, 10], "texture": "#1"},
				"up": {"uv": [12, 12, 0, 10], "texture": "#1"},
				"down": {"uv": [12, 12, 0, 14], "texture": "#1"}
			}
		},
		{
			"name": "BottomBitch",
			"from": [2, 0, 0],
			"to": [14, 5, 2],
			"rotation": {"angle": 0, "axis": "y", "origin": [0, 0, -14]},
			"faces": {
				"north": {"uv": [0, 0, 12, 5], "texture": "#2"},
				"east": {"uv": [12, 0, 14, 5], "texture": "#2"},
				"south": {"uv": [0, 5, 12, 10], "texture": "#2"},
				"west": {"uv": [12, 5, 14, 10], "texture": "#2"},
				"up": {"uv": [12, 12, 0, 10], "texture": "#2"},
				"down": {"uv": [12, 12, 0, 14], "texture": "#2"}
			}
		},
		{
			"name": "MidStrip",
			"from": [5, 5, 0],
			"to": [11, 5.5, 16],
			"rotation": {"angle": 0, "axis": "y", "origin": [8, 4, 0]},
			"faces": {
				"north": {"uv": [6, 1, 9, 1.25], "texture": "#11"},
				"east": {"uv": [6, 0, 14, 0.25], "texture": "#11"},
				"south": {"uv": [6, 1.5, 9, 1.75], "texture": "#11"},
				"west": {"uv": [6, 0.5, 14, 0.75], "texture": "#11"},
				"up": {"uv": [3, 8, 0, 0], "texture": "#11"},
				"down": {"uv": [6, 0, 3, 8], "texture": "#11"}
			}
		},
		{
			"name": "LeftStrip",
			"from": [11, 5, 6],
			"to": [16, 5.5, 11],
			"rotation": {"angle": 0, "axis": "y", "origin": [8, 4, 0]},
			"faces": {
				"north": {"uv": [6, 0, 12, 1], "texture": "#4"},
				"east": {"uv": [6, 2, 11, 3], "texture": "#4"},
				"south": {"uv": [6, 1, 12, 2], "texture": "#4"},
				"west": {"uv": [6, 3, 11, 4], "texture": "#4"},
				"up": {"uv": [6, 5, 0, 0], "texture": "#4"},
				"down": {"uv": [6, 5, 0, 10], "texture": "#4"}
			}
		},
		{
			"name": "RightStrip",
			"from": [0, 5, 6],
			"to": [5, 5.5, 11],
			"rotation": {"angle": 0, "axis": "y", "origin": [-2, 4, 0]},
			"faces": {
				"north": {"uv": [6, 0, 12, 1], "texture": "#5"},
				"east": {"uv": [6, 2, 11, 3], "texture": "#5"},
				"south": {"uv": [6, 1, 12, 2], "texture": "#5"},
				"west": {"uv": [6, 3, 11, 4], "texture": "#5"},
				"up": {"uv": [6, 5, 0, 0], "texture": "#5"},
				"down": {"uv": [6, 5, 0, 10], "texture": "#5"}
			}
		},
		{
			"name": "Corners1",
			"from": [6.50036, 0.1, -1.89964],
			"to": [9.50036, 4.9, 17.90036],
			"rotation": {"angle": 45, "axis": "y", "origin": [8.00036, 2.45, 8.00036]},
			"faces": {
				"north": {"uv": [3, 5, 4.5, 7.5], "texture": "#6"},
				"east": {"uv": [0, 0, 10, 2.5], "texture": "#6"},
				"south": {"uv": [4.5, 5, 6, 7.5], "texture": "#6"},
				"west": {"uv": [0, 2.5, 10, 5], "texture": "#6"},
				"up": {"uv": [1.5, 15, 0, 5], "texture": "#6"},
				"down": {"uv": [3, 5, 1.5, 15], "texture": "#6"}
			}
		},
		{
			"name": "Clips1",
			"from": [7, 5, 15.10036],
			"to": [9, 5.9, 17.90036],
			"rotation": {"angle": 45, "axis": "y", "origin": [8.00036, 2.45, 8.00036]},
			"faces": {
				"north": {"uv": [0, 4, 2, 5], "texture": "#7"},
				"east": {"uv": [0, 3, 3, 4], "texture": "#7"},
				"south": {"uv": [4, 0, 6, 1], "texture": "#7"},
				"west": {"uv": [3, 3, 6, 4], "texture": "#7"},
				"up": {"uv": [2, 3, 0, 0], "texture": "#7"},
				"down": {"uv": [4, 0, 2, 3], "texture": "#7"}
			}
		},
		{
			"name": "Corners2",
			"from": [6.50036, 0.1, -1.89964],
			"to": [9.50036, 4.9, 17.90036],
			"rotation": {"angle": -45, "axis": "y", "origin": [8.00036, 2.45, 8.00036]},
			"faces": {
				"north": {"uv": [3, 5, 4.5, 7.5], "texture": "#8"},
				"east": {"uv": [0, 0, 10, 2.5], "texture": "#8"},
				"south": {"uv": [4.5, 5, 6, 7.5], "texture": "#8"},
				"west": {"uv": [0, 2.5, 10, 5], "texture": "#8"},
				"up": {"uv": [1.5, 15, 0, 5], "texture": "#8"},
				"down": {"uv": [3, 5, 1.5, 15], "texture": "#8"}
			}
		},
		{
			"name": "Clips2",
			"from": [7, 5, 15.10036],
			"to": [9, 5.9, 17.60036],
			"rotation": {"angle": -45, "axis": "y", "origin": [8.00036, 2.45, 8.00036]},
			"faces": {
				"north": {"uv": [0, 4, 2, 5], "texture": "#9"},
				"east": {"uv": [0, 3, 3, 4], "texture": "#9"},
				"south": {"uv": [4, 0, 6, 1], "texture": "#9"},
				"west": {"uv": [3, 3, 6, 4], "texture": "#9"},
				"up": {"uv": [2, 3, 0, 0], "texture": "#9"},
				"down": {"uv": [4, 0, 2, 3], "texture": "#9"}
			}
		},
		{
			"name": "Handle",
			"from": [4, 1.5, 15],
			"to": [12, 3.5, 16.5],
			"rotation": {"angle": 0, "axis": "y", "origin": [7, 2, 15]},
			"faces": {
				"north": {"uv": [0, 0, 7, 2], "texture": "#10"},
				"east": {"uv": [7, 0, 9, 2], "texture": "#10"},
				"south": {"uv": [0, 2, 7, 4], "texture": "#10"},
				"west": {"uv": [7, 2, 9, 4], "texture": "#10"},
				"up": {"uv": [7, 6, 0, 4], "texture": "#10"},
				"down": {"uv": [7, 6, 0, 8], "texture": "#10"}
			}
		}
	],
	"display": {
		"thirdperson_righthand": {
			"rotation": [0, 0, -90],
			"translation": [2.75, -1.75, -3.75],
			"scale": [0.5, 0.5, 0.5]
		},
		"thirdperson_lefthand": {
			"rotation": [0, 0, -90],
			"translation": [2.75, -1.75, -3.75],
			"scale": [0.5, 0.5, 0.5]
		},
		"firstperson_righthand": {
			"rotation": [0, 180, 0],
			"translation": [0, 2.5, 0]
		},
		"firstperson_lefthand": {
			"rotation": [0, 180, 0],
			"translation": [0, 2.5, 0]
		},
		"ground": {
			"translation": [0, 6, 0]
		},
		"gui": {
			"rotation": [90, 180, 0],
			"scale": [0.75, 0.75, 0.75]
		},
		"head": {
			"translation": [0, 13.25, 0]
		},
		"fixed": {
			"rotation": [-90, 0, 0],
			"translation": [0, -32, -13.75],
			"scale": [2, 2, 2]
		}
	}
}