{
	"credit": "Made with Blockbench",
	"texture_size": [64, 64],
	"textures": {
		"0": "block/PosterVault/texture",
		"particle": "block/PosterVault/texture"
	},
	"elements": [
		{
			"from": [1, 0, -2],
			"to": [15, 0.5, 18],
			"faces": {
				"north": {"uv": [0, 5.25, 3.5, 5.5], "texture": "#0"},
				"east": {"uv": [0, 5, 5, 5.25], "texture": "#0"},
				"south": {"uv": [3.5, 5.25, 7, 5.5], "texture": "#0"},
				"west": {"uv": [5, 5, 10, 5.25], "texture": "#0"},
				"up": {"uv": [3.5, 5, 0, 0], "texture": "#0"},
				"down": {"uv": [7, 0, 3.5, 5], "texture": "#0"}
			}
		}
	],
	"display": {
		"thirdperson_righthand": {
			"rotation": [-46, 0, 0],
			"translation": [0, 5.75, 0],
			"scale": [0.5, 0.5, 0.5]
		},
		"thirdperson_lefthand": {
			"rotation": [-46, 0, 0],
			"translation": [0, 5.75, 0],
			"scale": [0.5, 0.5, 0.5]
		},
		"firstperson_righthand": {
			"rotation": [0, 180, 0],
			"translation": [0, 8, 0]
		},
		"firstperson_lefthand": {
			"rotation": [0, 180, 0],
			"translation": [0, 8, 0]
		},
		"ground": {
			"translation": [0, 6, 0]
		},
		"gui": {
			"rotation": [90, 180, 0],
			"scale": [0.75, 0.75, 0.75]
		},
		"head": {
			"rotation": [-90, 0, 0],
			"translation": [0, 0, -14.25]
		},
		"fixed": {
			"rotation": [-90, 0, 0],
			"translation": [0, 0, -16],
			"scale": [2, 2, 2]
		}
	}
}