{
	"credit": "Made with Blockbench",
	"texture_size": [32, 32],
	"textures": {
		"0": "block/FireAxe/AxePoint",
		"1": "block/FireAxe/AxeHeadMain",
		"2": "block/FireAxe/AxeBlade",
		"3": "block/FireAxe/AxeShaft",
		"particle": "block/FireAxe/AxePoint"
	},
	"elements": [
		{
			"name": "AxeShaft",
			"from": [7, 0, 6.9],
			"to": [9, 22, 8.1],
			"rotation": {"angle": 0, "axis": "y", "origin": [7, 0, 7]},
			"faces": {
				"north": {"uv": [0, 0, 1, 11], "texture": "#3"},
				"east": {"uv": [1, 0, 2, 11], "texture": "#3"},
				"south": {"uv": [2, 0, 3, 11], "texture": "#3"},
				"west": {"uv": [3, 0, 4, 11], "texture": "#3"},
				"up": {"uv": [5, 1, 4, 0], "texture": "#3"},
				"down": {"uv": [5, 1, 4, 2], "texture": "#3"}
			}
		},
		{
			"name": "AxeBlade",
			"from": [10, 19.5, 7],
			"to": [14, 24.5, 8],
			"rotation": {"angle": 0, "axis": "y", "origin": [7, 0, 7]},
			"faces": {
				"north": {"uv": [0, 0, 4, 6], "texture": "#2"},
				"east": {"uv": [0, 6, 2, 12], "texture": "#2"},
				"south": {"uv": [4, 0, 8, 6], "texture": "#2"},
				"west": {"uv": [2, 6, 4, 12], "texture": "#2"},
				"up": {"uv": [8, 8, 4, 6], "texture": "#2"},
				"down": {"uv": [12, 0, 8, 2], "texture": "#2"}
			}
		},
		{
			"name": "AxePoint",
			"from": [2.75, 22, 7],
			"to": [5.75, 24, 8],
			"rotation": {"angle": 0, "axis": "y", "origin": [7, 1, 7]},
			"faces": {
				"north": {"uv": [0, 0, 3, 3], "texture": "#0"},
				"east": {"uv": [3, 0, 5, 3], "texture": "#0"},
				"south": {"uv": [0, 3, 3, 6], "texture": "#0"},
				"west": {"uv": [3, 3, 5, 6], "texture": "#0"},
				"up": {"uv": [8, 2, 5, 0], "texture": "#0"},
				"down": {"uv": [8, 2, 5, 4], "texture": "#0"}
			}
		},
		{
			"name": "AxeHeadMain",
			"from": [5.75, 20, 6.75],
			"to": [10.25, 24, 8.25],
			"rotation": {"angle": 0, "axis": "y", "origin": [7, 19, 6]},
			"faces": {
				"north": {"uv": [0, 0, 5, 5], "texture": "#1"},
				"east": {"uv": [5, 0, 8, 5], "texture": "#1"},
				"south": {"uv": [0, 5, 5, 10], "texture": "#1"},
				"west": {"uv": [5, 5, 8, 10], "texture": "#1"},
				"up": {"uv": [13, 3, 8, 0], "texture": "#1"},
				"down": {"uv": [13, 3, 8, 6], "texture": "#1"}
			}
		}
	],
	"display": {
		"thirdperson_righthand": {
			"rotation": [0, 90, 0],
			"translation": [0, -3, 2]
		},
		"thirdperson_lefthand": {
			"rotation": [0, -90, 0],
			"translation": [0, -3, 2]
		},
		"firstperson_righthand": {
			"rotation": [0, 90, 0]
		},
		"firstperson_lefthand": {
			"rotation": [0, -90, 0]
		},
		"ground": {
			"rotation": [90, 0, 90],
			"translation": [7, -2.75, 0],
			"scale": [1.5, 1.5, 1.5]
		},
		"gui": {
			"rotation": [0, 0, -45],
			"translation": [-4, -4.5, 0]
		},
		"head": {
			"rotation": [0, 0, -144],
			"translation": [-7.5, -6.25, 5],
			"scale": [1.5, 1.5, 1.5]
		},
		"fixed": {
			"translation": [0, -7.5, 0],
			"scale": [2, 2, 2]
		}
	}
}