{
	"credit": "Made with Blockbench",
	"texture_size": [64, 64],
	"textures": {
		"0": "block/PosterSunset/texture",
		"particle": "block/PosterSunset/texture"
	},
	"elements": [
		{
			"from": [-4, 0, -1],
			"to": [20, 0.5, 17],
			"faces": {
				"north": {"uv": [6, 0, 12, 0.125], "texture": "#0"},
				"east": {"uv": [6, 0.5, 10.5, 0.625], "texture": "#0"},
				"south": {"uv": [6, 0.25, 12, 0.375], "texture": "#0"},
				"west": {"uv": [6, 0.75, 10.5, 0.875], "texture": "#0"},
				"up": {"uv": [6, 4.5, 0, 0], "texture": "#0"},
				"down": {"uv": [6, 4.5, 0, 9], "texture": "#0"}
			}
		}
	],
	"display": {
		"thirdperson_righthand": {
			"rotation": [-46, 0, 0],
			"translation": [0, 5.75, 0],
			"scale": [0.5, 0.5, 0.5]
		},
		"thirdperson_lefthand": {
			"rotation": [-46, 0, 0],
			"translation": [0, 5.75, 0],
			"scale": [0.5, 0.5, 0.5]
		},
		"firstperson_righthand": {
			"rotation": [0, 180, 0],
			"translation": [0, 8, 0]
		},
		"firstperson_lefthand": {
			"rotation": [0, 180, 0],
			"translation": [0, 8, 0]
		},
		"ground": {
			"translation": [0, 6, 0]
		},
		"gui": {
			"rotation": [90, 180, 0],
			"scale": [0.75, 0.75, 0.75]
		},
		"head": {
			"rotation": [-90, 0, 0],
			"translation": [0, 0, -14.25]
		},
		"fixed": {
			"rotation": [-90, 0, 0],
			"translation": [0, 0, -15.25],
			"scale": [2, 2, 2]
		}
	}
}