{
	"credit": "Made with Blockbench",
	"textures": {
		"2": "block/BatWood/WoodPommel",
		"5": "block/BatWood/Blunt1",
		"6": "block/BatWood/GripTape",
		"8": "block/BatWood/Blunt2"
	},
	"elements": [
		{
			"name": "GripTape",
			"from": [7.125, -1, 7.125],
			"to": [8.875, 9, 8.875],
			"rotation": {"angle": 0, "axis": "y", "origin": [8.025, 1.5, 8.025]},
			"faces": {
				"north": {"uv": [0, 0, 2, 10], "texture": "#6"},
				"east": {"uv": [2, 0, 4, 10], "texture": "#6"},
				"south": {"uv": [4, 0, 6, 10], "texture": "#6"},
				"west": {"uv": [6, 0, 8, 10], "texture": "#6"},
				"up": {"uv": [10, 2, 8, 0], "texture": "#6"},
				"down": {"uv": [10, 2, 8, 4], "texture": "#6"}
			}
		},
		{
			"name": "WoodPommel",
			"from": [6.75, 0, 7],
			"to": [9.25, 1, 9],
			"faces": {
				"north": {"uv": [3, 0, 6, 1], "texture": "#2"},
				"east": {"uv": [3, 2, 5, 3], "texture": "#2"},
				"south": {"uv": [3, 1, 6, 2], "texture": "#2"},
				"west": {"uv": [3, 3, 5, 4], "texture": "#2"},
				"up": {"uv": [3, 2, 0, 0], "texture": "#2"},
				"down": {"uv": [3, 2, 0, 4], "texture": "#2"}
			}
		},
		{
			"name": "LowerBlunt",
			"from": [7.125, 9, 7.125],
			"to": [8.875, 17, 8.875],
			"rotation": {"angle": 0, "axis": "y", "origin": [8.025, 11.5, 8.025]},
			"faces": {
				"north": {"uv": [0, 0, 2, 5], "texture": "#5"},
				"east": {"uv": [2, 0, 4, 5], "texture": "#5"},
				"south": {"uv": [4, 0, 6, 5], "texture": "#5"},
				"west": {"uv": [0, 5, 2, 10], "texture": "#5"},
				"up": {"uv": [4, 7, 2, 5], "texture": "#5"},
				"down": {"uv": [6, 5, 4, 7], "texture": "#5"}
			}
		},
		{
			"name": "MidBlunt",
			"from": [6.75, 10, 6.75],
			"to": [9.25, 18, 9.25],
			"rotation": {"angle": 0, "axis": "y", "origin": [8.025, 12.5, 8.025]},
			"faces": {
				"north": {"uv": [0, 0, 3, 8], "texture": "#8"},
				"east": {"uv": [3, 0, 6, 8], "texture": "#8"},
				"south": {"uv": [6, 0, 9, 8], "texture": "#8"},
				"west": {"uv": [0, 8, 3, 16], "texture": "#8"},
				"up": {"uv": [6, 11, 3, 8], "texture": "#8"},
				"down": {"uv": [9, 8, 6, 11], "texture": "#8"}
			}
		},
		{
			"name": "TopBlunt",
			"from": [6.75, 14, 6.75],
			"to": [9.25, 22, 9.25],
			"rotation": {"angle": 0, "axis": "y", "origin": [8.025, 16.5, 8.025]},
			"faces": {
				"north": {"uv": [0, 0, 2, 5], "texture": "#5"},
				"east": {"uv": [2, 0, 4, 5], "texture": "#5"},
				"south": {"uv": [4, 0, 6, 5], "texture": "#5"},
				"west": {"uv": [0, 5, 2, 10], "texture": "#5"},
				"up": {"uv": [4, 7, 2, 5], "texture": "#5"},
				"down": {"uv": [6, 5, 4, 7], "texture": "#5"}
			}
		},
		{
			"name": "MainBlunt",
			"from": [6.5, 13, 6.5],
			"to": [9.5, 21, 9.5],
			"rotation": {"angle": 0, "axis": "y", "origin": [8.025, 15.5, 8.025]},
			"faces": {
				"north": {"uv": [0, 0, 2, 5], "texture": "#5"},
				"east": {"uv": [2, 0, 4, 5], "texture": "#5"},
				"south": {"uv": [4, 0, 6, 5], "texture": "#5"},
				"west": {"uv": [0, 5, 2, 10], "texture": "#5"},
				"up": {"uv": [4, 7, 2, 5], "texture": "#5"},
				"down": {"uv": [6, 5, 4, 7], "texture": "#5"}
			}
		}
	],
	"display": {
		"thirdperson_righthand": {
			"rotation": [0, 90, 0],
			"translation": [0, 1.75, 1.25]
		},
		"thirdperson_lefthand": {
			"rotation": [0, 90, 0],
			"translation": [0, 1.75, 2]
		},
		"firstperson_righthand": {
			"rotation": [-20, 90, 0],
			"translation": [1.75, 4.25, 0]
		},
		"firstperson_lefthand": {
			"rotation": [-20, 90, 0],
			"translation": [1.75, 4.25, 0]
		},
		"ground": {
			"rotation": [90, 0, 90],
			"scale": [1.5, 1.5, 1.5]
		},
		"gui": {
			"rotation": [0, 0, -45],
			"translation": [-1, -1, 0]
		},
		"head": {
			"rotation": [0, 0, 140],
			"translation": [5.75, -8.5, 5],
			"scale": [1.5, 1.5, 1.5]
		}
	}
}