{
	"credit": "Made with Blockbench",
	"textures": {
		"0": "block/LaserPistol/Body",
		"1": "block/LaserPistol/FrontGuard",
		"2": "block/LaserPistol/Capacitor",
		"6": "block/LaserPistol/ArmLower",
		"15": "block/LaserPistol/Grip",
		"16": "block/LaserPistol/ArmFront",
		"17": "block/LaserPistol/CoverLower",
		"18": "block/LaserPistol/CoverUpper",
		"19": "block/LaserPistol/FrontSight",
		"20": "block/LaserPistol/MFC",
		"21": "block/LaserPistol/BackPlate",
		"22": "block/LaserPistol/Laser",
		"particle": "block/LaserPistol/Body"
	},
	"elements": [
		{
			"name": "Guard-Mid",
			"from": [8.15, 1, 4.5],
			"to": [8.9, 2, 11.5],
			"rotation": {"angle": 0, "axis": "y", "origin": [8.5, 1, 2.5]},
			"faces": {
				"north": {"uv": [2, 2, 3, 3], "texture": "#6"},
				"east": {"uv": [0, 0, 8, 1], "texture": "#6"},
				"south": {"uv": [2, 3, 3, 4], "texture": "#6"},
				"west": {"uv": [0, 1, 8, 2], "texture": "#6"},
				"up": {"uv": [1, 10, 0, 2], "texture": "#6"},
				"down": {"uv": [2, 2, 1, 10], "texture": "#6"}
			}
		},
		{
			"name": "Guard-Front",
			"from": [8, 1, 4],
			"to": [9, 6, 5],
			"rotation": {"angle": 0, "axis": "y", "origin": [8.5, 3, 7.5]},
			"faces": {
				"north": {"uv": [0, 0, 1, 4], "texture": "#16"},
				"east": {"uv": [1, 0, 2, 4], "texture": "#16"},
				"south": {"uv": [2, 0, 3, 4], "texture": "#16"},
				"west": {"uv": [3, 0, 4, 4], "texture": "#16"},
				"up": {"uv": [1, 5, 0, 4], "texture": "#16"},
				"down": {"uv": [5, 0, 4, 1], "texture": "#16"}
			}
		},
		{
			"name": "Ironsight",
			"from": [8.5, 6, 4],
			"to": [8.5, 6.5, 5],
			"rotation": {"angle": 0, "axis": "y", "origin": [8.5, 7, 7.5]},
			"faces": {
				"north": {"uv": [0, 0, 0, 1], "texture": "#19"},
				"east": {"uv": [0, 0, 1, 1], "texture": "#19"},
				"south": {"uv": [0, 0, 0, 1], "texture": "#19"},
				"west": {"uv": [0, 1, 1, 2], "texture": "#19"},
				"up": {"uv": [0, 1, 0, 0], "texture": "#19"},
				"down": {"uv": [0, 0, 0, 1], "texture": "#19"}
			}
		},
		{
			"name": "MFC",
			"from": [7, 5, 8.85],
			"to": [8.5, 6.5, 10.85],
			"rotation": {"angle": 0, "axis": "y", "origin": [8.5, 2.9, 11.425]},
			"faces": {
				"north": {"uv": [0, 0, 2, 2], "texture": "#20"},
				"east": {"uv": [0, 2, 2, 4], "texture": "#20"},
				"south": {"uv": [2, 0, 4, 2], "texture": "#20"},
				"west": {"uv": [2, 2, 4, 4], "texture": "#20"},
				"up": {"uv": [2, 6, 0, 4], "texture": "#20"},
				"down": {"uv": [6, 0, 4, 2], "texture": "#20"}
			}
		},
		{
			"name": "AmmoGuard2",
			"from": [7.3, 5, 8],
			"to": [7.3, 6.5, 9],
			"rotation": {"angle": 0, "axis": "y", "origin": [7.5, 7, 10.5]},
			"faces": {
				"north": {"uv": [0, 0, 0, 2], "texture": "#17"},
				"east": {"uv": [0, 0, 1, 2], "texture": "#17"},
				"south": {"uv": [0, 0, 0, 2], "texture": "#17"},
				"west": {"uv": [1, 0, 2, 2], "texture": "#17"},
				"up": {"uv": [0, 1, 0, 0], "texture": "#17"},
				"down": {"uv": [0, 0, 0, 1], "texture": "#17"}
			}
		},
		{
			"name": "AmmoGuard1",
			"from": [7.25, 6, 7],
			"to": [7.25, 6.5, 9],
			"rotation": {"angle": 0, "axis": "y", "origin": [7.5, 7, 10.5]},
			"faces": {
				"north": {"uv": [0, 0, 0, 1], "texture": "#18"},
				"east": {"uv": [0, 0, 2, 1], "texture": "#18"},
				"south": {"uv": [0, 0, 0, 1], "texture": "#18"},
				"west": {"uv": [0, 1, 2, 2], "texture": "#18"},
				"up": {"uv": [0, 2, 0, 0], "texture": "#18"},
				"down": {"uv": [0, 0, 0, 2], "texture": "#18"}
			}
		},
		{
			"name": "Capacitor",
			"from": [7.5, 3.65, 7.85],
			"to": [9.5, 6.15, 12],
			"rotation": {"angle": 0, "axis": "y", "origin": [8.5, 4.9, 11.425]},
			"faces": {
				"north": {"uv": [0, 6, 2, 9], "texture": "#2"},
				"east": {"uv": [0, 0, 4, 3], "texture": "#2"},
				"south": {"uv": [6, 0, 8, 3], "texture": "#2"},
				"west": {"uv": [0, 3, 4, 6], "texture": "#2"},
				"up": {"uv": [6, 4, 4, 0], "texture": "#2"},
				"down": {"uv": [6, 4, 4, 8], "texture": "#2"}
			}
		},
		{
			"name": "Front Mounting",
			"from": [7.5, 3.65, 3.85],
			"to": [9.5, 6.15, 5.1],
			"rotation": {"angle": 0, "axis": "y", "origin": [8.5, 4.9, 4.425]},
			"faces": {
				"north": {"uv": [0, 0, 2, 3], "texture": "#1"},
				"east": {"uv": [0, 3, 1, 6], "texture": "#1"},
				"south": {"uv": [2, 0, 4, 3], "texture": "#1"},
				"west": {"uv": [1, 3, 2, 6], "texture": "#1"},
				"up": {"uv": [4, 4, 2, 3], "texture": "#1"},
				"down": {"uv": [6, 0, 4, 1], "texture": "#1"}
			}
		},
		{
			"name": "Laser",
			"from": [8, 4.5, 3.75],
			"to": [9, 5.5, 5],
			"rotation": {"angle": 0, "axis": "y", "origin": [8.5, 4.9, 4.425]},
			"faces": {
				"north": {"uv": [0, 0, 1, 1], "texture": "#22"},
				"east": {"uv": [0, 1, 1, 2], "texture": "#22"},
				"south": {"uv": [1, 0, 2, 1], "texture": "#22"},
				"west": {"uv": [1, 1, 2, 2], "texture": "#22"},
				"up": {"uv": [1, 3, 0, 2], "texture": "#22"},
				"down": {"uv": [3, 0, 2, 1], "texture": "#22"}
			}
		},
		{
			"name": "Backplate",
			"from": [8, 4.25, 11.75],
			"to": [9, 5.75, 12.25],
			"rotation": {"angle": 0, "axis": "y", "origin": [8.5, 4.9, 12.425]},
			"faces": {
				"north": {"uv": [0, 0, 1, 2], "texture": "#21"},
				"east": {"uv": [1, 0, 2, 2], "texture": "#21"},
				"south": {"uv": [0, 2, 1, 4], "texture": "#21"},
				"west": {"uv": [2, 0, 3, 2], "texture": "#21"},
				"up": {"uv": [2, 3, 1, 2], "texture": "#21"},
				"down": {"uv": [3, 2, 2, 3], "texture": "#21"}
			}
		},
		{
			"name": "Body",
			"from": [7.65, 4, 5],
			"to": [9.4, 6, 11],
			"rotation": {"angle": 0, "axis": "y", "origin": [8.5, 3, 11.5]},
			"faces": {
				"north": {"uv": [4, 4, 6, 6], "texture": "#0"},
				"east": {"uv": [0, 0, 10, 2], "texture": "#0"},
				"south": {"uv": [4, 6, 6, 8], "texture": "#0"},
				"west": {"uv": [0, 2, 10, 4], "texture": "#0"},
				"up": {"uv": [2, 14, 0, 4], "texture": "#0"},
				"down": {"uv": [4, 4, 2, 14], "texture": "#0"}
			}
		},
		{
			"name": "Handle",
			"from": [8, 1, 10],
			"to": [9, 5, 11.5],
			"rotation": {"angle": -22.5, "axis": "x", "origin": [8.5, 2, 10.5]},
			"faces": {
				"north": {"uv": [0, 0, 1, 5], "texture": "#15"},
				"east": {"uv": [1, 0, 2, 5], "texture": "#15"},
				"south": {"uv": [2, 0, 3, 5], "texture": "#15"},
				"west": {"uv": [3, 0, 4, 5], "texture": "#15"},
				"up": {"uv": [5, 1, 4, 0], "texture": "#15"},
				"down": {"uv": [5, 1, 4, 2], "texture": "#15"}
			}
		}
	],
	"display": {
		"thirdperson_righthand": {
			"translation": [0, 5.5, -2.25],
			"scale": [1.25, 1.25, 1.25]
		},
		"thirdperson_lefthand": {
			"translation": [0, 5.5, -2.25],
			"scale": [1.25, 1.25, 1.25]
		},
		"firstperson_righthand": {
			"rotation": [45, 0, 0],
			"translation": [0.75, 9.25, 0.75],
			"scale": [2, 2, 1.4]
		},
		"firstperson_lefthand": {
			"rotation": [45, 0, 0],
			"translation": [2.25, 9.25, 0.75],
			"scale": [2, 2, 1.4]
		},
		"ground": {
			"rotation": [0, 0, 90],
			"translation": [-6.75, -5.5, 0],
			"scale": [1.75, 1.75, 1.75]
		},
		"gui": {
			"rotation": [0, 90, 0],
			"translation": [0, 5, 0]
		},
		"head": {
			"rotation": [-82, 0, 0],
			"translation": [8.5, -27, -6.75],
			"scale": [2, 2, 2]
		},
		"fixed": {
			"rotation": [0, 90, 0],
			"translation": [0, 16.25, 0],
			"scale": [4, 4, 4]
		}
	},
	"groups": [
		{
			"name": "Guard",
			"origin": [8.5, 3, 11.5],
			"color": 0,
			"children": [0, 1]
		},
		{
			"name": "Extras",
			"origin": [8.5, 7, 3.5],
			"color": 0,
			"children": [2, 3, 4, 5]
		},
		{
			"name": "Main",
			"origin": [8.5, 3, 2.5],
			"color": 0,
			"children": [6, 7, 8, 9, 10]
		},
		{
			"name": "Stock",
			"origin": [8.5, 2, 11.5],
			"color": 0,
			"children": [11]
		}
	]
}