{
	"credit": "Made with Blockbench",
	"textures": {
		"0": "block/Fan/1",
		"1": "block/Fan/2",
		"2": "block/Fan/3",
		"4": "block/Fan/5",
		"5": "block/Fan/6",
		"6": "block/Fan/7",
		"7": "block/Fan/8",
		"9": "block/Fan/10",
		"10": "block/Fan/11",
		"11": "block/Fan/9",
		"12": "block/Fan/4",
		"particle": "block/Fan/1"
	},
	"elements": [
		{
			"name": "Base1",
			"from": [4, 0, 4],
			"to": [12, 1, 12],
			"faces": {
				"north": {"uv": [8, 0, 16, 1], "texture": "#0"},
				"east": {"uv": [8, 1, 16, 2], "texture": "#0"},
				"south": {"uv": [8, 2, 16, 3], "texture": "#0"},
				"west": {"uv": [8, 3, 16, 4], "texture": "#0"},
				"up": {"uv": [8, 8, 0, 0], "texture": "#0"},
				"down": {"uv": [8, 8, 0, 16], "texture": "#0"}
			}
		},
		{
			"name": "Base2",
			"from": [5, 1, 5],
			"to": [11, 2, 11],
			"faces": {
				"north": {"uv": [6, 0, 12, 1], "texture": "#1"},
				"east": {"uv": [6, 1, 12, 2], "texture": "#1"},
				"south": {"uv": [6, 2, 12, 3], "texture": "#1"},
				"west": {"uv": [6, 3, 12, 4], "texture": "#1"},
				"up": {"uv": [6, 6, 0, 0], "texture": "#1"},
				"down": {"uv": [6, 6, 0, 12], "texture": "#1"}
			}
		},
		{
			"name": "Spine",
			"from": [7, 2, 7],
			"to": [9, 7, 9],
			"rotation": {"angle": 0, "axis": "y", "origin": [7, 2, 7]},
			"faces": {
				"north": {"uv": [0, 0, 2, 5], "texture": "#2"},
				"east": {"uv": [2, 0, 4, 5], "texture": "#2"},
				"south": {"uv": [4, 0, 6, 5], "texture": "#2"},
				"west": {"uv": [0, 5, 2, 10], "texture": "#2"},
				"up": {"uv": [4, 7, 2, 5], "texture": "#2"},
				"down": {"uv": [6, 5, 4, 7], "texture": "#2"}
			}
		},
		{
			"name": "Motor",
			"from": [6, 7, 7],
			"to": [10, 11, 11],
			"rotation": {"angle": 0, "axis": "y", "origin": [7, 2, 7]},
			"faces": {
				"north": {"uv": [0, 0, 4, 4], "texture": "#12"},
				"east": {"uv": [0, 4, 4, 8], "texture": "#12"},
				"south": {"uv": [4, 0, 8, 4], "texture": "#12"},
				"west": {"uv": [4, 4, 8, 8], "texture": "#12"},
				"up": {"uv": [4, 12, 0, 8], "texture": "#12"},
				"down": {"uv": [12, 0, 8, 4], "texture": "#12"}
			}
		},
		{
			"name": "Blade1",
			"from": [6, 9, 6],
			"to": [8, 13.75, 7],
			"rotation": {"angle": 45, "axis": "z", "origin": [8, 9, 6.5]},
			"faces": {
				"north": {"uv": [0, 0, 2, 5], "texture": "#4"},
				"east": {"uv": [4, 0, 5, 5], "texture": "#4"},
				"south": {"uv": [2, 0, 4, 5], "texture": "#4"},
				"west": {"uv": [0, 5, 1, 10], "texture": "#4"},
				"up": {"uv": [7, 1, 5, 0], "texture": "#4"},
				"down": {"uv": [3, 5, 1, 6], "texture": "#4"}
			}
		},
		{
			"name": "Blade2",
			"from": [3.25, 7, 6],
			"to": [8, 9, 7],
			"rotation": {"angle": 45, "axis": "z", "origin": [8, 9, 6.5]},
			"faces": {
				"north": {"uv": [0, 0, 5, 2], "texture": "#5"},
				"east": {"uv": [0, 3, 1, 5], "texture": "#5"},
				"south": {"uv": [0, 0, 5, 2], "texture": "#5"},
				"west": {"uv": [0, 3, 1, 5], "texture": "#5"},
				"up": {"uv": [5, 3, 0, 2], "texture": "#5"},
				"down": {"uv": [5, 2, 0, 3], "texture": "#5"}
			}
		},
		{
			"name": "Blade3",
			"from": [8, 4.25, 6],
			"to": [10, 9, 7],
			"rotation": {"angle": 45, "axis": "z", "origin": [8, 9, 6.5]},
			"faces": {
				"north": {"uv": [0, 0, 2, 5], "texture": "#6"},
				"east": {"uv": [2, 0, 3, 5], "texture": "#6"},
				"south": {"uv": [0, 0, 2, 5], "texture": "#6"},
				"west": {"uv": [2, 0, 3, 5], "texture": "#6"},
				"up": {"uv": [5, 1, 3, 0], "texture": "#6"},
				"down": {"uv": [5, 0, 3, 1], "texture": "#6"}
			}
		},
		{
			"name": "Blade4",
			"from": [8, 9, 6],
			"to": [12.75, 11, 7],
			"rotation": {"angle": 45, "axis": "z", "origin": [8, 9, 6.5]},
			"faces": {
				"north": {"uv": [0, 0, 5, 2], "texture": "#7"},
				"east": {"uv": [0, 3, 1, 5], "texture": "#7"},
				"south": {"uv": [0, 0, 5, 2], "texture": "#7"},
				"west": {"uv": [0, 3, 1, 5], "texture": "#7"},
				"up": {"uv": [5, 3, 0, 2], "texture": "#7"},
				"down": {"uv": [5, 2, 0, 3], "texture": "#7"}
			}
		},
		{
			"name": "Nut",
			"from": [7, 8, 5],
			"to": [9, 10, 6],
			"rotation": {"angle": 0, "axis": "y", "origin": [7, 8, 5]},
			"faces": {
				"north": {"uv": [0, 0, 2, 2], "texture": "#10"},
				"east": {"uv": [2, 0, 3, 2], "texture": "#10"},
				"south": {"uv": [0, 2, 2, 4], "texture": "#10"},
				"west": {"uv": [2, 2, 3, 4], "texture": "#10"},
				"up": {"uv": [5, 1, 3, 0], "texture": "#10"},
				"down": {"uv": [5, 1, 3, 2], "texture": "#10"}
			}
		},
		{
			"name": "CageFront",
			"from": [3, 4, 5.5],
			"to": [13, 14, 5.5],
			"rotation": {"angle": 0, "axis": "z", "origin": [8, 9, 6.5]},
			"faces": {
				"north": {"uv": [0, 0, 5, 5], "texture": "#11"},
				"east": {"uv": [0, 0, 0, 5], "texture": "#11"},
				"south": {"uv": [0, 5, 5, 10], "texture": "#11"},
				"west": {"uv": [0, 0, 0, 5], "texture": "#11"},
				"up": {"uv": [5, 0, 0, 0], "texture": "#11"},
				"down": {"uv": [5, 0, 0, 0], "texture": "#11"}
			}
		},
		{
			"name": "CageBack",
			"from": [3, 4, 7.5],
			"to": [13, 14, 7.5],
			"rotation": {"angle": 0, "axis": "z", "origin": [8, 9, 6.5]},
			"faces": {
				"north": {"uv": [0, 0, 5, 5], "texture": "#11"},
				"east": {"uv": [0, 0, 0, 10], "texture": "#11"},
				"south": {"uv": [0, 5, 5, 10], "texture": "#11"},
				"west": {"uv": [0, 0, 0, 10], "texture": "#11"},
				"up": {"uv": [0, 0, 10, 0], "texture": "#11"},
				"down": {"uv": [0, 0, 10, 0], "texture": "#11"}
			}
		},
		{
			"name": "CageSide1",
			"from": [13, 4, 5.5],
			"to": [13, 14, 7.5],
			"rotation": {"angle": 0, "axis": "z", "origin": [8, 9, 6.5]},
			"faces": {
				"north": {"uv": [0, 0, 0, 10], "texture": "#9"},
				"east": {"uv": [0, 0, 2, 10], "texture": "#9"},
				"south": {"uv": [0, 0, 0, 10], "texture": "#9"},
				"west": {"uv": [0, 0, 2, 10], "texture": "#9"},
				"up": {"uv": [0, 2, 0, 0], "texture": "#9"},
				"down": {"uv": [0, 0, 0, 2], "texture": "#9"}
			}
		},
		{
			"name": "CageSide1",
			"from": [3, 4, 5.5],
			"to": [3, 14, 7.5],
			"rotation": {"angle": 0, "axis": "z", "origin": [8, 9, 6.5]},
			"faces": {
				"north": {"uv": [0, 0, 0, 5], "texture": "#9"},
				"east": {"uv": [0, 0, 1, 5], "texture": "#9"},
				"south": {"uv": [0, 0, 0, 5], "texture": "#9"},
				"west": {"uv": [0, 0, 2, 10], "texture": "#9"},
				"up": {"uv": [0, 0, 0, 1], "texture": "#9"},
				"down": {"uv": [0, 0, 0, 1], "texture": "#9"}
			}
		},
		{
			"name": "CageSide1",
			"from": [3, 4, 5.5],
			"to": [13, 4, 7.5],
			"rotation": {"angle": 0, "axis": "z", "origin": [8, 9, 6.5]},
			"faces": {
				"north": {"uv": [0, 0, 0, 5], "rotation": 270, "texture": "#9"},
				"east": {"uv": [0, 0, 0, 1], "rotation": 90, "texture": "#9"},
				"south": {"uv": [0, 0, 0, 5], "rotation": 90, "texture": "#9"},
				"west": {"uv": [0, 0, 0, 1], "rotation": 90, "texture": "#9"},
				"up": {"uv": [0, 0, 1, 5], "rotation": 90, "texture": "#9"},
				"down": {"uv": [0, 0, 2, 10], "rotation": 90, "texture": "#9"}
			}
		},
		{
			"name": "CageSide1",
			"from": [3, 14, 5.5],
			"to": [13, 14, 7.5],
			"rotation": {"angle": 0, "axis": "z", "origin": [8, 9, 6.5]},
			"faces": {
				"north": {"uv": [0, 0, 0, 5], "rotation": 270, "texture": "#9"},
				"east": {"uv": [0, 0, 0, 1], "rotation": 90, "texture": "#9"},
				"south": {"uv": [0, 0, 0, 5], "rotation": 90, "texture": "#9"},
				"west": {"uv": [0, 0, 0, 1], "rotation": 90, "texture": "#9"},
				"up": {"uv": [0, 0, 2, 10], "rotation": 90, "texture": "#9"},
				"down": {"uv": [0, 0, 1, 5], "rotation": 90, "texture": "#9"}
			}
		}
	],
	"display": {
		"thirdperson_righthand": {
			"scale": [0.5, 0.5, 0.5]
		},
		"thirdperson_lefthand": {
			"scale": [0.5, 0.5, 0.5]
		},
		"ground": {
			"translation": [0, 4.75, 0]
		},
		"gui": {
			"translation": [0, 1, 0]
		},
		"head": {
			"translation": [0, 14.5, 0]
		},
		"fixed": {
			"rotation": [-90, 0, 0],
			"translation": [0, 0, -16],
			"scale": [2, 2, 2]
		}
	},
	"groups": [
		0,
		1,
		2,
		3,
		4,
		5,
		6,
		7,
		8,
		{
			"name": "Cage",
			"origin": [9, 6.5, 5],
			"color": 0,
			"children": [9, 10, 11, 12, 13, 14]
		}
	]
}