{
	"credit": "Made with Blockbench",
	"textures": {
		"0": "block/FireHydrant/1",
		"1": "block/FireHydrant/2",
		"2": "block/FireHydrant/3",
		"3": "block/FireHydrant/4",
		"4": "block/FireHydrant/5",
		"5": "block/FireHydrant/6",
		"6": "block/FireHydrant/7",
		"7": "block/FireHydrant/8",
		"8": "block/FireHydrant/9",
		"9": "block/FireHydrant/10",
		"10": "block/FireHydrant/11",
		"11": "block/FireHydrant/12",
		"particle": "block/FireHydrant/1"
	},
	"elements": [
		{
			"name": "Base1",
			"from": [2, 0, 2],
			"to": [14, 1, 14],
			"rotation": {"angle": 0, "axis": "y", "origin": [12, 0, 2]},
			"faces": {
				"north": {"uv": [6, 0, 12, 0.5], "texture": "#0"},
				"east": {"uv": [6, 0.5, 12, 1], "texture": "#0"},
				"south": {"uv": [6, 1, 12, 1.5], "texture": "#0"},
				"west": {"uv": [6, 1.5, 12, 2], "texture": "#0"},
				"up": {"uv": [6, 6, 0, 0], "texture": "#0"},
				"down": {"uv": [6, 6, 0, 12], "texture": "#0"}
			}
		},
		{
			"name": "Bod",
			"from": [5, 2, 5],
			"to": [11, 16, 11],
			"rotation": {"angle": 0, "axis": "y", "origin": [4, 1, 4]},
			"faces": {
				"north": {"uv": [0, 0, 3, 7], "texture": "#1"},
				"east": {"uv": [3, 0, 6, 7], "texture": "#1"},
				"south": {"uv": [6, 0, 9, 7], "texture": "#1"},
				"west": {"uv": [0, 7, 3, 14], "texture": "#1"},
				"up": {"uv": [6, 10, 3, 7], "texture": "#1"},
				"down": {"uv": [9, 7, 6, 10], "texture": "#1"}
			}
		},
		{
			"name": "Cap",
			"from": [5, 17, 5],
			"to": [11, 19, 11],
			"rotation": {"angle": 0, "axis": "y", "origin": [4, 15, 4]},
			"faces": {
				"north": {"uv": [6, 0, 12, 2], "texture": "#2"},
				"east": {"uv": [6, 2, 12, 4], "texture": "#2"},
				"south": {"uv": [6, 4, 12, 6], "texture": "#2"},
				"west": {"uv": [6, 6, 12, 8], "texture": "#2"},
				"up": {"uv": [6, 6, 0, 0], "texture": "#2"},
				"down": {"uv": [6, 6, 0, 12], "texture": "#2"}
			}
		},
		{
			"name": "Tip",
			"from": [6, 19, 6],
			"to": [10, 20, 10],
			"rotation": {"angle": 0, "axis": "y", "origin": [4, 16, 4]},
			"faces": {
				"north": {"uv": [4, 0, 8, 1], "texture": "#3"},
				"east": {"uv": [4, 1, 8, 2], "texture": "#3"},
				"south": {"uv": [4, 2, 8, 3], "texture": "#3"},
				"west": {"uv": [4, 3, 8, 4], "texture": "#3"},
				"up": {"uv": [4, 4, 0, 0], "texture": "#3"},
				"down": {"uv": [4, 4, 0, 8], "texture": "#3"}
			}
		},
		{
			"name": "Base2",
			"from": [3, 1, 3],
			"to": [13, 2, 13],
			"faces": {
				"north": {"uv": [5, 0, 10, 0.5], "texture": "#4"},
				"east": {"uv": [5, 0.5, 10, 1], "texture": "#4"},
				"south": {"uv": [5, 1, 10, 1.5], "texture": "#4"},
				"west": {"uv": [5, 1.5, 10, 2], "texture": "#4"},
				"up": {"uv": [5, 5, 0, 0], "texture": "#4"},
				"down": {"uv": [5, 5, 0, 10], "texture": "#4"}
			}
		},
		{
			"name": "RimUp",
			"from": [4, 16, 4],
			"to": [12, 17, 12],
			"rotation": {"angle": 0, "axis": "y", "origin": [0, 15, 0]},
			"faces": {
				"north": {"uv": [8, 0, 16, 1], "texture": "#5"},
				"east": {"uv": [8, 1, 16, 2], "texture": "#5"},
				"south": {"uv": [8, 2, 16, 3], "texture": "#5"},
				"west": {"uv": [8, 3, 16, 4], "texture": "#5"},
				"up": {"uv": [8, 8, 0, 0], "texture": "#5"},
				"down": {"uv": [8, 8, 0, 16], "texture": "#5"}
			}
		},
		{
			"name": "RoadMed1",
			"from": [6.5, 9.5, 4],
			"to": [9.5, 12.5, 12],
			"rotation": {"angle": 0, "axis": "y", "origin": [7, 10, 5]},
			"faces": {
				"north": {"uv": [6, 6, 9, 9], "texture": "#6"},
				"east": {"uv": [0, 0, 8, 3], "texture": "#6"},
				"south": {"uv": [8, 0, 11, 3], "texture": "#6"},
				"west": {"uv": [0, 3, 8, 6], "texture": "#6"},
				"up": {"uv": [3, 14, 0, 6], "texture": "#6"},
				"down": {"uv": [6, 6, 3, 14], "texture": "#6"}
			}
		},
		{
			"name": "Barbell1",
			"from": [6, 9, 2],
			"to": [10, 13, 4],
			"rotation": {"angle": -45, "axis": "z", "origin": [8, 11, 3]},
			"faces": {
				"north": {"uv": [0, 0, 4, 4], "texture": "#7"},
				"east": {"uv": [4, 0, 6, 4], "texture": "#7"},
				"south": {"uv": [0, 4, 4, 8], "texture": "#7"},
				"west": {"uv": [4, 4, 6, 8], "texture": "#7"},
				"up": {"uv": [10, 2, 6, 0], "texture": "#7"},
				"down": {"uv": [10, 2, 6, 4], "texture": "#7"}
			}
		},
		{
			"name": "Barbell2",
			"from": [6, 9, 12],
			"to": [10, 13, 14],
			"rotation": {"angle": 45, "axis": "z", "origin": [8, 11, 13]},
			"faces": {
				"north": {"uv": [0, 0, 4, 4], "rotation": 270, "texture": "#8"},
				"east": {"uv": [10, 2, 6, 0], "rotation": 90, "texture": "#8"},
				"south": {"uv": [0, 4, 4, 8], "rotation": 90, "texture": "#8"},
				"west": {"uv": [10, 2, 6, 4], "rotation": 90, "texture": "#8"},
				"up": {"uv": [4, 4, 6, 8], "rotation": 90, "texture": "#8"},
				"down": {"uv": [4, 0, 6, 4], "rotation": 90, "texture": "#8"}
			}
		},
		{
			"name": "RodSmall",
			"from": [7, 10, 1],
			"to": [9, 12, 15],
			"rotation": {"angle": -45, "axis": "z", "origin": [8, 11, 8]},
			"faces": {
				"north": {"uv": [2, 2, 3, 3], "texture": "#9"},
				"east": {"uv": [0, 0, 7, 1], "texture": "#9"},
				"south": {"uv": [2, 3, 3, 4], "texture": "#9"},
				"west": {"uv": [0, 1, 7, 2], "texture": "#9"},
				"up": {"uv": [1, 9, 0, 2], "texture": "#9"},
				"down": {"uv": [2, 2, 1, 9], "texture": "#9"}
			}
		},
		{
			"name": "RodBig",
			"from": [3, 8, 5.5],
			"to": [13, 13, 10.5],
			"rotation": {"angle": 0, "axis": "x", "origin": [8, 10.5, 8]},
			"faces": {
				"north": {"uv": [0, 0, 5, 2.5], "texture": "#10"},
				"east": {"uv": [5, 2.5, 7.5, 5], "texture": "#10"},
				"south": {"uv": [0, 2.5, 5, 5], "texture": "#10"},
				"west": {"uv": [5, 5, 7.5, 7.5], "texture": "#10"},
				"up": {"uv": [5, 7.5, 0, 5], "texture": "#10"},
				"down": {"uv": [10, 0, 5, 2.5], "texture": "#10"}
			}
		},
		{
			"name": "RodMed2",
			"from": [2, 9, 6.5],
			"to": [14, 12, 9.5],
			"rotation": {"angle": -45, "axis": "x", "origin": [8, 10.5, 8]},
			"faces": {
				"north": {"uv": [0, 0, 12, 3], "texture": "#11"},
				"east": {"uv": [0, 12, 3, 15], "texture": "#11"},
				"south": {"uv": [0, 3, 12, 6], "texture": "#11"},
				"west": {"uv": [12, 0, 15, 3], "texture": "#11"},
				"up": {"uv": [12, 9, 0, 6], "texture": "#11"},
				"down": {"uv": [12, 9, 0, 12], "texture": "#11"}
			}
		}
	],
	"display": {
		"ground": {
			"translation": [0, 4, 0],
			"scale": [0.75, 0.75, 0.75]
		},
		"gui": {
			"translation": [0, -1.25, 0],
			"scale": [0.75, 0.75, 0.75]
		},
		"head": {
			"translation": [0, 17.25, 0],
			"scale": [1.5, 1.5, 1.5]
		},
		"fixed": {
			"rotation": [-90, 0, 0],
			"translation": [0, 0, 15.75],
			"scale": [2, 2, 2]
		}
	}
}