{
	"credit": "Made with Blockbench",
	"textures": {
		"0": "block/Microscope/1",
		"1": "block/Microscope/2",
		"2": "block/Microscope/3",
		"3": "block/Microscope/4",
		"4": "block/Microscope/5",
		"5": "block/Microscope/6",
		"6": "block/Microscope/7",
		"7": "block/Microscope/8",
		"particle": "block/Microscope/1"
	},
	"elements": [
		{
			"name": "Base",
			"from": [5, 0, 8],
			"to": [11, 1, 12],
			"faces": {
				"north": {"uv": [6, 0, 12, 1], "texture": "#0"},
				"east": {"uv": [6, 2, 10, 3], "texture": "#0"},
				"south": {"uv": [6, 1, 12, 2], "texture": "#0"},
				"west": {"uv": [6, 3, 10, 4], "texture": "#0"},
				"up": {"uv": [6, 4, 0, 0], "texture": "#0"},
				"down": {"uv": [6, 4, 0, 8], "texture": "#0"}
			}
		},
		{
			"name": "Plate",
			"from": [5, 3, 6],
			"to": [11, 4, 12],
			"rotation": {"angle": 0, "axis": "y", "origin": [0, 3, 0]},
			"faces": {
				"north": {"uv": [6, 0, 12, 1], "texture": "#1"},
				"east": {"uv": [6, 1, 12, 2], "texture": "#1"},
				"south": {"uv": [6, 2, 12, 3], "texture": "#1"},
				"west": {"uv": [6, 3, 12, 4], "texture": "#1"},
				"up": {"uv": [6, 6, 0, 0], "texture": "#1"},
				"down": {"uv": [6, 6, 0, 12], "texture": "#1"}
			}
		},
		{
			"name": "Neck",
			"from": [7, 0, 11],
			"to": [9, 8, 13],
			"faces": {
				"north": {"uv": [0, 0, 2, 9], "texture": "#2"},
				"east": {"uv": [2, 0, 4, 9], "texture": "#2"},
				"south": {"uv": [4, 0, 6, 9], "texture": "#2"},
				"west": {"uv": [6, 0, 8, 9], "texture": "#2"},
				"up": {"uv": [10, 2, 8, 0], "texture": "#2"},
				"down": {"uv": [10, 2, 8, 4], "texture": "#2"}
			}
		},
		{
			"name": "Knob",
			"from": [6, 8, 11],
			"to": [10, 10, 13],
			"rotation": {"angle": 0, "axis": "x", "origin": [8, 9, 12]},
			"faces": {
				"north": {"uv": [0, 0, 4, 2], "texture": "#3"},
				"east": {"uv": [4, 2, 6, 4], "texture": "#3"},
				"south": {"uv": [0, 2, 4, 4], "texture": "#3"},
				"west": {"uv": [4, 4, 6, 6], "texture": "#3"},
				"up": {"uv": [4, 6, 0, 4], "texture": "#3"},
				"down": {"uv": [8, 0, 4, 2], "texture": "#3"}
			}
		},
		{
			"name": "ScopeInner",
			"from": [7, 4, 11],
			"to": [9, 16, 12.9],
			"rotation": {"angle": 45, "axis": "x", "origin": [8, 10, 12]},
			"faces": {
				"north": {"uv": [0, 0, 2, 12], "texture": "#4"},
				"east": {"uv": [2, 0, 4, 12], "texture": "#4"},
				"south": {"uv": [4, 0, 6, 12], "texture": "#4"},
				"west": {"uv": [6, 0, 8, 12], "texture": "#4"},
				"up": {"uv": [10, 2, 8, 0], "texture": "#4"},
				"down": {"uv": [10, 2, 8, 4], "texture": "#4"}
			}
		},
		{
			"name": "ScopeOuter",
			"from": [6.8, 5, 10],
			"to": [9.3, 14, 12.5],
			"rotation": {"angle": 45, "axis": "x", "origin": [8.05, 9.5, 11.25]},
			"faces": {
				"north": {"uv": [0, 0, 1.5, 4.5], "texture": "#5"},
				"east": {"uv": [1.5, 0, 3, 4.5], "texture": "#5"},
				"south": {"uv": [3, 0, 4.5, 4.5], "texture": "#5"},
				"west": {"uv": [0, 4.5, 1.5, 9], "texture": "#5"},
				"up": {"uv": [6, 1.5, 4.5, 0], "texture": "#5"},
				"down": {"uv": [3, 4.5, 1.5, 6], "texture": "#5"}
			}
		},
		{
			"name": "Prong1",
			"from": [9, 0, 4],
			"to": [11, 1, 8],
			"faces": {
				"north": {"uv": [4, 1, 6, 2], "texture": "#6"},
				"east": {"uv": [0, 4, 4, 5], "texture": "#6"},
				"south": {"uv": [4, 2, 6, 3], "texture": "#6"},
				"west": {"uv": [4, 0, 8, 1], "texture": "#6"},
				"up": {"uv": [2, 4, 0, 0], "texture": "#6"},
				"down": {"uv": [4, 0, 2, 4], "texture": "#6"}
			}
		},
		{
			"name": "Prong2",
			"from": [5, 0, 4],
			"to": [7, 1, 8],
			"rotation": {"angle": 0, "axis": "y", "origin": [-4, 0, 0]},
			"faces": {
				"north": {"uv": [4, 1, 6, 2], "texture": "#7"},
				"east": {"uv": [0, 4, 4, 5], "texture": "#7"},
				"south": {"uv": [4, 2, 6, 3], "texture": "#7"},
				"west": {"uv": [4, 0, 8, 1], "texture": "#7"},
				"up": {"uv": [2, 4, 0, 0], "texture": "#7"},
				"down": {"uv": [4, 0, 2, 4], "texture": "#7"}
			}
		}
	],
	"display": {
		"thirdperson_righthand": {
			"translation": [0, 0, -1.75],
			"scale": [0.5, 0.5, 0.5]
		},
		"thirdperson_lefthand": {
			"translation": [0, 0, -1.75],
			"scale": [0.5, 0.5, 0.5]
		},
		"firstperson_righthand": {
			"translation": [0, 5.25, 0],
			"scale": [0.5, 0.5, 0.5]
		},
		"firstperson_lefthand": {
			"translation": [0, 5.25, 0],
			"scale": [0.5, 0.5, 0.5]
		},
		"ground": {
			"translation": [0, 5, 0]
		},
		"gui": {
			"rotation": [0, 152, 0],
			"scale": [0.5, 0.5, 0.5]
		},
		"head": {
			"translation": [0, 14.25, 0]
		},
		"fixed": {
			"rotation": [-90, 0, 0],
			"translation": [0, 0, -16],
			"scale": [2, 2, 2]
		}
	}
}