{
	"credit": "Made with Blockbench",
	"texture_size": [32, 32],
	"textures": {
		"0": "block/SittingSkeleton2/front",
		"1": "block/SittingSkeleton2/head",
		"2": "block/SittingSkeleton2/limbs",
		"3": "block/SittingSkeleton2/Side",
		"4": "block/SittingSkeleton2/ArmyHelm",
		"particle": "block/SittingSkeleton2/front"
	},
	"elements": [
		{
			"name": "Boda",
			"from": [4, 1, 12],
			"to": [12, 13, 12],
			"rotation": {"angle": 0, "axis": "y", "origin": [8, 7, 12]},
			"faces": {
				"north": {"uv": [0, 0, 8, 12], "texture": "#0"},
				"east": {"uv": [0, 0, 0, 12], "texture": "#0"},
				"south": {"uv": [8, 0, 16, 12], "texture": "#0"},
				"west": {"uv": [0, 0, 0, 12], "texture": "#0"},
				"up": {"uv": [8, 0, 0, 0], "texture": "#0"},
				"down": {"uv": [8, 0, 0, 0], "texture": "#0"}
			}
		},
		{
			"name": "Bodb",
			"from": [4, 1, 16],
			"to": [12, 13, 16],
			"rotation": {"angle": 0, "axis": "y", "origin": [8, 7, 16]},
			"faces": {
				"north": {"uv": [4, 0, 8, 6], "texture": "#3"},
				"east": {"uv": [2, 6, 4, 12], "texture": "#3"},
				"south": {"uv": [0, 0, 4, 6], "texture": "#3"},
				"west": {"uv": [0, 6, 2, 12], "texture": "#3"},
				"up": {"uv": [8, 8, 4, 6], "rotation": 180, "texture": "#3"},
				"down": {"uv": [12, 0, 8, 2], "rotation": 180, "texture": "#3"}
			}
		},
		{
			"name": "Head",
			"from": [3.9, 12, 7],
			"to": [12.1, 20.2, 15.2],
			"rotation": {"angle": -45, "axis": "x", "origin": [8, 16, 11]},
			"faces": {
				"north": {"uv": [0, 0, 4, 4], "texture": "#1"},
				"east": {"uv": [0, 4, 4, 8], "texture": "#1"},
				"south": {"uv": [4, 0, 8, 4], "texture": "#1"},
				"west": {"uv": [4, 4, 8, 8], "texture": "#1"},
				"up": {"uv": [4, 12, 0, 8], "texture": "#1"},
				"down": {"uv": [12, 0, 8, 4], "texture": "#1"}
			}
		},
		{
			"name": "Helmet",
			"from": [3.45, 14, 6.5],
			"to": [12.65, 21, 15.7],
			"rotation": {"angle": -45, "axis": "x", "origin": [8, 16, 11]},
			"faces": {
				"north": {"uv": [4.5, 0, 9, 3], "texture": "#4"},
				"east": {"uv": [4.5, 3, 9, 6], "texture": "#4"},
				"south": {"uv": [4.5, 6, 9, 9], "texture": "#4"},
				"west": {"uv": [0, 9, 4.5, 12], "texture": "#4"},
				"up": {"uv": [4.5, 4.5, 0, 0], "texture": "#4"},
				"down": {"uv": [4.5, 4.5, 0, 9], "texture": "#4"}
			}
		},
		{
			"name": "RLeg",
			"from": [12, 0, 0],
			"to": [14, 2, 14],
			"rotation": {"angle": -22.5, "axis": "y", "origin": [13, 1, 7]},
			"faces": {
				"north": {"uv": [8, 6, 9, 7], "texture": "#2"},
				"east": {"uv": [4, 0, 11, 1], "texture": "#2"},
				"south": {"uv": [8, 7, 9, 8], "texture": "#2"},
				"west": {"uv": [4, 1, 11, 2], "texture": "#2"},
				"up": {"uv": [5, 9, 4, 2], "texture": "#2"},
				"down": {"uv": [6, 2, 5, 9], "texture": "#2"}
			}
		},
		{
			"name": "LLeg",
			"from": [2, 0, 0],
			"to": [4, 2, 14],
			"rotation": {"angle": 22.5, "axis": "y", "origin": [3, 1, 7]},
			"faces": {
				"north": {"uv": [8, 8, 9, 9], "texture": "#2"},
				"east": {"uv": [6, 2, 13, 3], "texture": "#2"},
				"south": {"uv": [4, 9, 5, 10], "texture": "#2"},
				"west": {"uv": [6, 3, 13, 4], "texture": "#2"},
				"up": {"uv": [7, 11, 6, 4], "texture": "#2"},
				"down": {"uv": [1, 7, 0, 14], "texture": "#2"}
			}
		},
		{
			"name": "LArm",
			"from": [2, 1, 9],
			"to": [4, 15, 11],
			"rotation": {"angle": 45, "axis": "x", "origin": [3, 8, 10]},
			"faces": {
				"north": {"uv": [1, 7, 2, 14], "texture": "#2"},
				"east": {"uv": [2, 7, 3, 14], "texture": "#2"},
				"south": {"uv": [3, 7, 4, 14], "texture": "#2"},
				"west": {"uv": [7, 4, 8, 11], "texture": "#2"},
				"up": {"uv": [10, 5, 9, 4], "texture": "#2"},
				"down": {"uv": [6, 9, 5, 10], "texture": "#2"}
			}
		},
		{
			"name": "RArm",
			"from": [12, 1, 9],
			"to": [14, 15, 11],
			"rotation": {"angle": 45, "axis": "x", "origin": [13, 8, 10]},
			"faces": {
				"north": {"uv": [0, 0, 1, 7], "texture": "#2"},
				"east": {"uv": [1, 0, 2, 7], "texture": "#2"},
				"south": {"uv": [2, 0, 3, 7], "texture": "#2"},
				"west": {"uv": [3, 0, 4, 7], "texture": "#2"},
				"up": {"uv": [9, 5, 8, 4], "texture": "#2"},
				"down": {"uv": [9, 5, 8, 6], "texture": "#2"}
			}
		},
		{
			"name": "Side1",
			"from": [12, 1, 12],
			"to": [12, 13, 16],
			"rotation": {"angle": 0, "axis": "y", "origin": [10, 0, 12]},
			"faces": {
				"north": {"uv": [0, 0, 0, 6], "texture": "#3"},
				"east": {"uv": [3.5, 0, 5.5, 6], "texture": "#3"},
				"south": {"uv": [0, 0, 0, 6], "texture": "#3"},
				"west": {"uv": [3.5, 0, 5.5, 6], "texture": "#3"},
				"up": {"uv": [0, 0, 0, 2], "texture": "#3"},
				"down": {"uv": [0, 0, 0, 2], "texture": "#3"}
			}
		},
		{
			"name": "Side2",
			"from": [4, 1, 12],
			"to": [4, 13, 16],
			"rotation": {"angle": 0, "axis": "y", "origin": [2, 0, 12]},
			"faces": {
				"north": {"uv": [0, 0, 0, 6], "texture": "#3"},
				"east": {"uv": [3.5, 0, 5.5, 6], "texture": "#3"},
				"south": {"uv": [0, 0, 0, 6], "texture": "#3"},
				"west": {"uv": [8, 0, 10, 6], "texture": "#3"},
				"up": {"uv": [0, 0, 0, 2], "texture": "#3"},
				"down": {"uv": [0, 0, 0, 2], "texture": "#3"}
			}
		}
	]
}