{
	"credit": "Made with Blockbench",
	"textures": {
		"0": "block/MopBucket/1",
		"1": "block/MopBucket/2",
		"2": "block/MopBucket/3",
		"3": "block/MopBucket/4",
		"4": "block/MopBucket/5",
		"5": "block/MopBucket/6",
		"6": "block/MopBucket/7",
		"7": "block/MopBucket/8",
		"8": "block/MopBucket/9",
		"9": "block/MopBucket/10",
		"10": "block/MopBucket/11",
		"11": "block/MopBucket/12",
		"12": "block/MopBucket/13",
		"particle": "block/MopBucket/1"
	},
	"elements": [
		{
			"name": "Wheel1",
			"from": [3, -16, 6],
			"to": [5, -14, 8],
			"rotation": {"angle": 0, "axis": "y", "origin": [3, -16, 6]},
			"faces": {
				"north": {"uv": [0, 0, 2, 2], "texture": "#11"},
				"east": {"uv": [0, 0, 2, 2], "texture": "#11"},
				"south": {"uv": [0, 0, 2, 2], "texture": "#11"},
				"west": {"uv": [0, 0, 2, 2], "texture": "#11"},
				"up": {"uv": [0, 0, 2, 2], "texture": "#11"},
				"down": {"uv": [0, 0, 2, 2], "texture": "#11"}
			}
		},
		{
			"name": "Axel2",
			"from": [5, -15, 14.5],
			"to": [11, -14, 15.5],
			"rotation": {"angle": 0, "axis": "y", "origin": [6, -15, 14]},
			"faces": {
				"north": {"uv": [0, 0, 6, 1], "texture": "#12"},
				"east": {"uv": [0, 4, 1, 5], "texture": "#12"},
				"south": {"uv": [0, 1, 6, 2], "texture": "#12"},
				"west": {"uv": [1, 4, 2, 5], "texture": "#12"},
				"up": {"uv": [6, 3, 0, 2], "texture": "#12"},
				"down": {"uv": [6, 3, 0, 4], "texture": "#12"}
			}
		},
		{
			"name": "Axel1",
			"from": [5, -15, 6.5],
			"to": [11, -14, 7.5],
			"rotation": {"angle": 0, "axis": "y", "origin": [6, -15, 6]},
			"faces": {
				"north": {"uv": [0, 0, 6, 1], "texture": "#12"},
				"east": {"uv": [0, 0, 1, 1], "texture": "#12"},
				"south": {"uv": [0, 0, 6, 1], "texture": "#12"},
				"west": {"uv": [0, 0, 1, 1], "texture": "#12"},
				"up": {"uv": [0, 0, 6, 1], "texture": "#12"},
				"down": {"uv": [0, 0, 6, 1], "texture": "#12"}
			}
		},
		{
			"name": "Side2a",
			"from": [2, -13, 5],
			"to": [3, -3, 17],
			"rotation": {"angle": 0, "axis": "y", "origin": [2, -13, 5]},
			"faces": {
				"north": {"uv": [6.5, 0, 7, 5], "texture": "#1"},
				"east": {"uv": [0, 0, 6, 5], "texture": "#1"},
				"south": {"uv": [6.5, 5, 7, 10], "texture": "#1"},
				"west": {"uv": [0, 5, 6, 10], "texture": "#1"},
				"up": {"uv": [6.5, 6, 6, 0], "texture": "#1"},
				"down": {"uv": [6.5, 6, 6, 12], "texture": "#1"}
			}
		},
		{
			"name": "Side2b",
			"from": [2, -3, 10],
			"to": [3, 3, 17],
			"rotation": {"angle": 0, "axis": "y", "origin": [2.5, -8, 11]},
			"faces": {
				"north": {"uv": [8, 0, 9, 6], "texture": "#4"},
				"east": {"uv": [0, 0, 7, 6], "texture": "#4"},
				"south": {"uv": [8, 6, 9, 12], "texture": "#4"},
				"west": {"uv": [0, 6, 7, 12], "texture": "#4"},
				"up": {"uv": [8, 7, 7, 0], "texture": "#4"},
				"down": {"uv": [8, 7, 7, 14], "texture": "#4"}
			}
		},
		{
			"name": "Front",
			"from": [2.5, -13, 4.5],
			"to": [13.5, -3, 5.5],
			"rotation": {"angle": 0, "axis": "y", "origin": [8.5, -8, 5]},
			"faces": {
				"north": {"uv": [0, 0, 5.5, 5], "texture": "#0"},
				"east": {"uv": [5.5, 1, 6, 6], "texture": "#0"},
				"south": {"uv": [0, 5, 5.5, 10], "texture": "#0"},
				"west": {"uv": [6, 1, 6.5, 6], "texture": "#0"},
				"up": {"uv": [11, 0.5, 5.5, 0], "texture": "#0"},
				"down": {"uv": [11, 0.5, 5.5, 1], "texture": "#0"}
			}
		},
		{
			"name": "Back",
			"from": [2.5, -13, 16.5],
			"to": [13.5, 5, 17.5],
			"rotation": {"angle": 0, "axis": "y", "origin": [8.5, -8, 17]},
			"faces": {
				"north": {"uv": [0, 0, 2.75, 4.5], "texture": "#3"},
				"east": {"uv": [0, 4.5, 0.25, 9], "texture": "#3"},
				"south": {"uv": [2.75, 0, 5.5, 4.5], "texture": "#3"},
				"west": {"uv": [0.25, 4.5, 0.5, 9], "texture": "#3"},
				"up": {"uv": [3.25, 4.75, 0.5, 4.5], "texture": "#3"},
				"down": {"uv": [6, 4.5, 3.25, 4.75], "texture": "#3"}
			}
		},
		{
			"name": "Side1a",
			"from": [13, -13, 5],
			"to": [14, -3, 17],
			"rotation": {"angle": 0, "axis": "y", "origin": [13.5, -8, 11]},
			"faces": {
				"north": {"uv": [6.5, 0, 7, 5], "texture": "#2"},
				"east": {"uv": [0, 0, 6, 5], "texture": "#2"},
				"south": {"uv": [6.5, 5, 7, 10], "texture": "#2"},
				"west": {"uv": [0, 5, 6, 10], "texture": "#2"},
				"up": {"uv": [6.5, 6, 6, 0], "texture": "#2"},
				"down": {"uv": [6.5, 6, 6, 12], "texture": "#2"}
			}
		},
		{
			"name": "Side1b",
			"from": [13, -3, 10],
			"to": [14, 3, 17],
			"rotation": {"angle": 0, "axis": "y", "origin": [13.5, -8, 11]},
			"faces": {
				"north": {"uv": [8, 0, 9, 6], "texture": "#5"},
				"east": {"uv": [0, 0, 7, 6], "texture": "#5"},
				"south": {"uv": [8, 6, 9, 12], "texture": "#5"},
				"west": {"uv": [0, 6, 7, 12], "texture": "#5"},
				"up": {"uv": [8, 7, 7, 0], "texture": "#5"},
				"down": {"uv": [8, 7, 7, 14], "texture": "#5"}
			}
		},
		{
			"name": "Rim",
			"from": [2.5, 1, 9],
			"to": [13.5, 2, 11],
			"rotation": {"angle": 0, "axis": "y", "origin": [2.5, -8, 11]},
			"faces": {
				"north": {"uv": [0, 4, 11, 5], "texture": "#6"},
				"east": {"uv": [0, 6, 2, 7], "texture": "#6"},
				"south": {"uv": [0, 5, 11, 6], "texture": "#6"},
				"west": {"uv": [2, 6, 4, 7], "texture": "#6"},
				"up": {"uv": [11, 2, 0, 0], "texture": "#6"},
				"down": {"uv": [11, 2, 0, 4], "texture": "#6"}
			}
		},
		{
			"name": "Backboard",
			"from": [2.5, -13, 11],
			"to": [13.5, 1, 12],
			"rotation": {"angle": 0, "axis": "y", "origin": [2.5, -8, 11]},
			"faces": {
				"north": {"uv": [0, 0, 5.5, 7], "texture": "#7"},
				"east": {"uv": [0, 7, 0.5, 14], "texture": "#7"},
				"south": {"uv": [5.5, 0, 11, 7], "texture": "#7"},
				"west": {"uv": [0.5, 7, 1, 14], "texture": "#7"},
				"up": {"uv": [6.5, 7.5, 1, 7], "texture": "#7"},
				"down": {"uv": [12, 7, 6.5, 7.5], "texture": "#7"}
			}
		},
		{
			"name": "Wheel2",
			"from": [3, -16, 14],
			"to": [5, -14, 16],
			"rotation": {"angle": 0, "axis": "y", "origin": [3, -16, 14]},
			"faces": {
				"north": {"uv": [0, 0, 2, 2], "texture": "#11"},
				"east": {"uv": [0, 0, 2, 2], "texture": "#11"},
				"south": {"uv": [0, 0, 2, 2], "texture": "#11"},
				"west": {"uv": [0, 0, 2, 2], "texture": "#11"},
				"up": {"uv": [0, 0, 2, 2], "texture": "#11"},
				"down": {"uv": [0, 0, 2, 2], "texture": "#11"}
			}
		},
		{
			"name": "Wheel3",
			"from": [11, -16, 14],
			"to": [13, -14, 16],
			"rotation": {"angle": 0, "axis": "y", "origin": [11, -16, 14]},
			"faces": {
				"north": {"uv": [0, 0, 2, 2], "texture": "#11"},
				"east": {"uv": [0, 2, 2, 4], "texture": "#11"},
				"south": {"uv": [2, 0, 4, 2], "texture": "#11"},
				"west": {"uv": [2, 2, 4, 4], "texture": "#11"},
				"up": {"uv": [2, 6, 0, 4], "texture": "#11"},
				"down": {"uv": [6, 0, 4, 2], "texture": "#11"}
			}
		},
		{
			"name": "Wheel4",
			"from": [11, -16, 6],
			"to": [13, -14, 8],
			"rotation": {"angle": 0, "axis": "y", "origin": [11, -16, 6]},
			"faces": {
				"north": {"uv": [0, 0, 2, 2], "texture": "#11"},
				"east": {"uv": [0, 0, 2, 2], "texture": "#11"},
				"south": {"uv": [0, 0, 2, 2], "texture": "#11"},
				"west": {"uv": [0, 0, 2, 2], "texture": "#11"},
				"up": {"uv": [0, 0, 2, 2], "texture": "#11"},
				"down": {"uv": [0, 0, 2, 2], "texture": "#11"}
			}
		},
		{
			"name": "Base",
			"from": [2, -14, 5],
			"to": [14, -13, 17],
			"rotation": {"angle": 0, "axis": "y", "origin": [11, -16, 6]},
			"faces": {
				"north": {"uv": [6, 0, 12, 0.5], "texture": "#10"},
				"east": {"uv": [6, 0.5, 12, 1], "texture": "#10"},
				"south": {"uv": [6, 1, 12, 1.5], "texture": "#10"},
				"west": {"uv": [6, 1.5, 12, 2], "texture": "#10"},
				"up": {"uv": [6, 6, 0, 0], "texture": "#10"},
				"down": {"uv": [6, 6, 0, 12], "texture": "#10"}
			}
		},
		{
			"name": "MopHead",
			"from": [4, -13, 6],
			"to": [12, -11, 10],
			"rotation": {"angle": 0, "axis": "y", "origin": [7, -13, 9]},
			"faces": {
				"north": {"uv": [0, 8, 8, 10], "texture": "#8"},
				"east": {"uv": [8, 2, 12, 4], "texture": "#8"},
				"south": {"uv": [8, 0, 16, 2], "texture": "#8"},
				"west": {"uv": [8, 4, 12, 6], "texture": "#8"},
				"up": {"uv": [8, 4, 0, 0], "texture": "#8"},
				"down": {"uv": [8, 4, 0, 8], "texture": "#8"}
			}
		},
		{
			"name": "Rod",
			"from": [7, -12, 7],
			"to": [9, 32, 9],
			"rotation": {"angle": 0, "axis": "y", "origin": [7, 6, 7]},
			"faces": {
				"north": {"uv": [0, 0, 1, 13], "texture": "#9"},
				"east": {"uv": [1, 0, 2, 13], "texture": "#9"},
				"south": {"uv": [2, 0, 3, 13], "texture": "#9"},
				"west": {"uv": [3, 0, 4, 13], "texture": "#9"},
				"up": {"uv": [5, 1, 4, 0], "texture": "#9"},
				"down": {"uv": [5, 1, 4, 2], "texture": "#9"}
			}
		}
	],
	"display": {
		"thirdperson_righthand": {
			"rotation": [77, 180, 0],
			"translation": [0, 0.5, 4.75],
			"scale": [0.75, 0.75, 0.75]
		},
		"thirdperson_lefthand": {
			"rotation": [77, 180, 0],
			"translation": [0, 0.5, 4.75],
			"scale": [0.75, 0.75, 0.75]
		},
		"ground": {
			"translation": [0, 21, 0]
		},
		"gui": {
			"rotation": [0, 124, 0],
			"scale": [0.25, 0.25, 0.25]
		},
		"head": {
			"translation": [0, 30.25, -2.75]
		},
		"fixed": {
			"rotation": [-90, 0, 0],
			"translation": [0, -6.25, -36],
			"scale": [1.5, 1.5, 1.5]
		}
	},
	"groups": [
		{
			"name": "Bucket",
			"origin": [3, -16, 6],
			"color": 0,
			"children": [0, 1, 2, 3, 4, 5, 6, 7, 8, 9, 10, 11, 12, 13, 14]
		},
		{
			"name": "Mop",
			"origin": [7, -13, 9],
			"color": 0,
			"children": [15, 16]
		}
	]
}