{
	"credit": "Made with Blockbench",
	"texture_size": [32, 32],
	"textures": {
		"0": "block/GasCan/HandleBack",
		"1": "block/GasCan/TopFront",
		"2": "block/GasCan/Nozzle",
		"3": "block/GasCan/HandleBack2",
		"4": "block/GasCan/Body",
		"particle": "block/GasCan/HandleBack"
	},
	"elements": [
		{
			"name": "Body",
			"from": [5, 0, 2],
			"to": [11, 14, 15],
			"rotation": {"angle": 0, "axis": "y", "origin": [7, 0, 7]},
			"faces": {
				"north": {"uv": [0, 7, 3, 14], "texture": "#4"},
				"east": {"uv": [0, 0, 6.5, 7], "texture": "#4"},
				"south": {"uv": [3, 7, 6, 14], "texture": "#4"},
				"west": {"uv": [6.5, 0, 13, 7], "texture": "#4"},
				"up": {"uv": [9, 13.5, 6, 7], "texture": "#4"},
				"down": {"uv": [12, 7, 9, 13.5], "texture": "#4"}
			}
		},
		{
			"name": "HandleBack",
			"from": [5, 14, 2],
			"to": [11, 16, 4],
			"rotation": {"angle": 0, "axis": "y", "origin": [8, 14, 2]},
			"faces": {
				"north": {"uv": [0, 0, 6, 2], "texture": "#3"},
				"east": {"uv": [6, 0, 8, 2], "texture": "#3"},
				"south": {"uv": [0, 2, 6, 4], "texture": "#3"},
				"west": {"uv": [6, 2, 8, 4], "texture": "#3"},
				"up": {"uv": [6, 6, 0, 4], "texture": "#3"},
				"down": {"uv": [6, 6, 0, 8], "texture": "#3"}
			}
		},
		{
			"name": "TopFront",
			"from": [5, 14, 6],
			"to": [11, 16, 15],
			"rotation": {"angle": 0, "axis": "y", "origin": [8, 14, 2]},
			"faces": {
				"north": {"uv": [0, 5.5, 3, 6.5], "texture": "#1"},
				"east": {"uv": [0, 4.5, 4.5, 5.5], "texture": "#1"},
				"south": {"uv": [3, 5.5, 6, 6.5], "texture": "#1"},
				"west": {"uv": [4.5, 4.5, 9, 5.5], "texture": "#1"},
				"up": {"uv": [3, 4.5, 0, 0], "texture": "#1"},
				"down": {"uv": [6, 0, 3, 4.5], "texture": "#1"}
			}
		},
		{
			"name": "Handletop",
			"from": [5, 16, 2],
			"to": [11, 17, 13],
			"rotation": {"angle": 0, "axis": "y", "origin": [8, 14, 2]},
			"faces": {
				"north": {"uv": [0, 6, 3, 6.5], "texture": "#0"},
				"east": {"uv": [0, 5.5, 5.5, 6], "texture": "#0"},
				"south": {"uv": [6, 0, 9, 0.5], "texture": "#0"},
				"west": {"uv": [5.5, 5.5, 11, 6], "texture": "#0"},
				"up": {"uv": [3, 5.5, 0, 0], "texture": "#0"},
				"down": {"uv": [6, 0, 3, 5.5], "texture": "#0"}
			}
		},
		{
			"name": "Nozzle",
			"from": [6.5, 14, 12],
			"to": [9.5, 17, 15],
			"rotation": {"angle": -45, "axis": "x", "origin": [8.5, 16, 14]},
			"faces": {
				"north": {"uv": [0, 0, 3, 3], "texture": "#2"},
				"east": {"uv": [0, 3, 3, 6], "texture": "#2"},
				"south": {"uv": [3, 0, 6, 3], "texture": "#2"},
				"west": {"uv": [3, 3, 6, 6], "texture": "#2"},
				"up": {"uv": [3, 9, 0, 6], "texture": "#2"},
				"down": {"uv": [9, 0, 6, 3], "texture": "#2"}
			}
		}
	],
	"display": {
		"thirdperson_righthand": {
			"rotation": [62, 180, 0],
			"translation": [0, -1, -3.75],
			"scale": [0.5, 0.5, 0.5]
		},
		"thirdperson_lefthand": {
			"rotation": [62, 180, 0],
			"translation": [0, -1, -3.75],
			"scale": [0.5, 0.5, 0.5]
		},
		"firstperson_righthand": {
			"rotation": [0, -154, 0],
			"translation": [2.75, -3, 0]
		},
		"firstperson_lefthand": {
			"rotation": [0, -154, 0],
			"translation": [2.75, -3, 0]
		},
		"ground": {
			"translation": [0, 4, 0]
		},
		"gui": {
			"rotation": [0, 90, 0],
			"translation": [0, -0.5, 0],
			"scale": [0.75, 0.75, 0.75]
		},
		"head": {
			"rotation": [0, 118, 0],
			"translation": [0, 14.5, 0]
		},
		"fixed": {
			"rotation": [-90, 0, 0],
			"translation": [0, 0, -14],
			"scale": [1.75, 1.75, 1.75]
		}
	}
}