{
	"credit": "Made with Blockbench",
	"texture_size": [32, 32],
	"textures": {
		"0": "block/UtilityPanel/1",
		"1": "block/UtilityPanel/2",
		"2": "block/UtilityPanel/3",
		"particle": "block/UtilityPanel/1"
	},
	"elements": [
		{
			"from": [1, 0, 1],
			"to": [15, 1, 15],
			"faces": {
				"north": {"uv": [7, 0, 14, 0.5], "texture": "#0"},
				"east": {"uv": [7, 0.5, 14, 1], "texture": "#0"},
				"south": {"uv": [7, 1, 14, 1.5], "texture": "#0"},
				"west": {"uv": [7, 1.5, 14, 2], "texture": "#0"},
				"up": {"uv": [7, 7, 0, 0], "texture": "#0"},
				"down": {"uv": [7, 7, 0, 14], "texture": "#0"}
			}
		},
		{
			"from": [10.9, 1, 1.9],
			"to": [14.1, 2, 4.1],
			"rotation": {"angle": 0, "axis": "y", "origin": [12, 0, 2]},
			"faces": {
				"north": {"uv": [9, 2, 12, 3], "texture": "#1"},
				"east": {"uv": [0, 12, 2, 13], "texture": "#1"},
				"south": {"uv": [9, 3, 12, 4], "texture": "#1"},
				"west": {"uv": [12, 0, 14, 1], "texture": "#1"},
				"up": {"uv": [3, 2, 0, 0], "texture": "#1"},
				"down": {"uv": [3, 2, 0, 4], "texture": "#1"}
			}
		},
		{
			"from": [11, 1, 5],
			"to": [14, 2, 7],
			"rotation": {"angle": 0, "axis": "y", "origin": [12, 0, 5]},
			"faces": {
				"north": {"uv": [6, 11, 9, 12], "texture": "#1"},
				"east": {"uv": [12, 9, 14, 10], "texture": "#1"},
				"south": {"uv": [9, 11, 12, 12], "texture": "#1"},
				"west": {"uv": [10, 12, 12, 13], "texture": "#1"},
				"up": {"uv": [9, 10, 6, 8], "texture": "#1"},
				"down": {"uv": [12, 0, 9, 2], "texture": "#1"}
			}
		},
		{
			"from": [11, 1, 8],
			"to": [14, 2, 10],
			"rotation": {"angle": 0, "axis": "y", "origin": [12, 0, 8]},
			"faces": {
				"north": {"uv": [9, 8, 12, 9], "texture": "#1"},
				"east": {"uv": [4, 12, 6, 13], "texture": "#1"},
				"south": {"uv": [9, 9, 12, 10], "texture": "#1"},
				"west": {"uv": [12, 4, 14, 5], "texture": "#1"},
				"up": {"uv": [3, 8, 0, 6], "texture": "#1"},
				"down": {"uv": [9, 0, 6, 2], "texture": "#1"}
			}
		},
		{
			"from": [7, 1, 11],
			"to": [10, 2, 13],
			"rotation": {"angle": 0, "axis": "y", "origin": [8, 0, 11]},
			"faces": {
				"north": {"uv": [6, 10, 9, 11], "texture": "#1"},
				"east": {"uv": [12, 6, 14, 7], "texture": "#1"},
				"south": {"uv": [9, 10, 12, 11], "texture": "#1"},
				"west": {"uv": [12, 7, 14, 8], "texture": "#1"},
				"up": {"uv": [9, 6, 6, 4], "texture": "#1"},
				"down": {"uv": [9, 6, 6, 8], "texture": "#1"}
			}
		},
		{
			"from": [11, 1, 11],
			"to": [14, 2, 13],
			"rotation": {"angle": 0, "axis": "y", "origin": [12, 0, 11]},
			"faces": {
				"north": {"uv": [0, 11, 3, 12], "texture": "#1"},
				"east": {"uv": [8, 12, 10, 13], "texture": "#1"},
				"south": {"uv": [3, 11, 6, 12], "texture": "#1"},
				"west": {"uv": [12, 8, 14, 9], "texture": "#1"},
				"up": {"uv": [3, 10, 0, 8], "texture": "#1"},
				"down": {"uv": [6, 8, 3, 10], "texture": "#1"}
			}
		},
		{
			"from": [6.9, 1, 1.9],
			"to": [10.1, 2, 4.1],
			"rotation": {"angle": 0, "axis": "y", "origin": [8, 0, 2]},
			"faces": {
				"north": {"uv": [9, 4, 12, 5], "texture": "#1"},
				"east": {"uv": [12, 1, 14, 2], "texture": "#1"},
				"south": {"uv": [9, 5, 12, 6], "texture": "#1"},
				"west": {"uv": [2, 12, 4, 13], "texture": "#1"},
				"up": {"uv": [6, 2, 3, 0], "texture": "#1"},
				"down": {"uv": [6, 2, 3, 4], "texture": "#1"}
			}
		},
		{
			"from": [2, 1, 2],
			"to": [6, 2, 13],
			"rotation": {"angle": 0, "axis": "y", "origin": [2, 0, 2]},
			"faces": {
				"north": {"uv": [4, 1, 6, 1.5], "texture": "#2"},
				"east": {"uv": [4, 0, 9.5, 0.5], "texture": "#2"},
				"south": {"uv": [4, 1.5, 6, 2], "texture": "#2"},
				"west": {"uv": [4, 0.5, 9.5, 1], "texture": "#2"},
				"up": {"uv": [2, 5.5, 0, 0], "texture": "#2"},
				"down": {"uv": [4, 0, 2, 5.5], "texture": "#2"}
			}
		},
		{
			"from": [6.9, 1, 4.9],
			"to": [10.1, 2, 7.1],
			"rotation": {"angle": 0, "axis": "y", "origin": [8, 0, 5]},
			"faces": {
				"north": {"uv": [9, 6, 12, 7], "texture": "#1"},
				"east": {"uv": [12, 2, 14, 3], "texture": "#1"},
				"south": {"uv": [9, 7, 12, 8], "texture": "#1"},
				"west": {"uv": [12, 3, 14, 4], "texture": "#1"},
				"up": {"uv": [3, 6, 0, 4], "texture": "#1"},
				"down": {"uv": [6, 4, 3, 6], "texture": "#1"}
			}
		},
		{
			"from": [7, 1, 8],
			"to": [10, 2, 10],
			"rotation": {"angle": 0, "axis": "y", "origin": [8, 0, 8]},
			"faces": {
				"north": {"uv": [0, 10, 3, 11], "texture": "#1"},
				"east": {"uv": [12, 5, 14, 6], "texture": "#1"},
				"south": {"uv": [3, 10, 6, 11], "texture": "#1"},
				"west": {"uv": [6, 12, 8, 13], "texture": "#1"},
				"up": {"uv": [9, 4, 6, 2], "texture": "#1"},
				"down": {"uv": [6, 6, 3, 8], "texture": "#1"}
			}
		}
	],
	"display": {
		"thirdperson_righthand": {
			"translation": [0, 3.75, 0],
			"scale": [0.5, 0.5, 0.5]
		},
		"thirdperson_lefthand": {
			"translation": [0, 3.75, 0],
			"scale": [0.5, 0.5, 0.5]
		},
		"firstperson_righthand": {
			"rotation": [47, 180, 0],
			"translation": [0, 6.5, 1.75],
			"scale": [0.5, 0.5, 0.5]
		},
		"firstperson_lefthand": {
			"rotation": [47, 180, 0],
			"translation": [0, 6.5, 1.75],
			"scale": [0.5, 0.5, 0.5]
		},
		"ground": {
			"translation": [0, 6.25, 0]
		},
		"gui": {
			"rotation": [90, 180, 0]
		},
		"head": {
			"translation": [0, 14.5, 0]
		},
		"fixed": {
			"rotation": [-90, 0, 0],
			"translation": [0, 0, -16],
			"scale": [2, 2, 2]
		}
	}
}