{
	"credit": "Made with Blockbench",
	"textures": {
		"0": "block/NewsStand/1",
		"1": "block/NewsStand/2",
		"2": "block/NewsStand/3",
		"3": "block/NewsStand/4",
		"4": "block/NewsStand/5",
		"5": "block/NewsStand/6",
		"6": "block/NewsStand/7",
		"7": "block/NewsStand/8",
		"8": "block/NewsStand/9",
		"9": "block/NewsStand/10",
		"10": "block/NewsStand/11",
		"11": "block/NewsStand/12",
		"12": "block/NewsStand/13",
		"13": "block/NewsStand/14",
		"particle": "block/NewsStand/1"
	},
	"elements": [
		{
			"name": "Cover",
			"from": [0, -3, 0],
			"to": [16, 0, 16],
			"rotation": {"angle": 0, "axis": "y", "origin": [7, -2, 0]},
			"faces": {
				"north": {"uv": [8, 0, 16, 1.5], "texture": "#0"},
				"east": {"uv": [8, 1.5, 16, 3], "texture": "#0"},
				"south": {"uv": [8, 3, 16, 4.5], "texture": "#0"},
				"west": {"uv": [8, 4.5, 16, 6], "texture": "#0"},
				"up": {"uv": [8, 8, 0, 0], "texture": "#0"},
				"down": {"uv": [8, 8, 0, 16], "texture": "#0"}
			}
		},
		{
			"name": "Top",
			"from": [0, 16, 2],
			"to": [16, 17, 9],
			"rotation": {"angle": 0, "axis": "y", "origin": [7, 17, 0]},
			"faces": {
				"north": {"uv": [0, 7, 8, 7.5], "texture": "#1"},
				"east": {"uv": [0, 8, 3.5, 8.5], "texture": "#1"},
				"south": {"uv": [0, 7.5, 8, 8], "texture": "#1"},
				"west": {"uv": [8, 0, 11.5, 0.5], "texture": "#1"},
				"up": {"uv": [8, 3.5, 0, 0], "texture": "#1"},
				"down": {"uv": [8, 3.5, 0, 7], "texture": "#1"}
			}
		},
		{
			"name": "FrontSlant",
			"from": [-0.1, 15, 0],
			"to": [16.1, 16, 2],
			"rotation": {"angle": -22.5, "axis": "x", "origin": [7, 16, 0]},
			"faces": {
				"north": {"uv": [0, 4, 16, 5], "texture": "#2"},
				"east": {"uv": [0, 6, 2, 7], "texture": "#2"},
				"south": {"uv": [0, 5, 16, 6], "texture": "#2"},
				"west": {"uv": [2, 6, 4, 7], "texture": "#2"},
				"up": {"uv": [16, 2, 0, 0], "texture": "#2"},
				"down": {"uv": [16, 2, 0, 4], "texture": "#2"}
			}
		},
		{
			"name": "FrontCover",
			"from": [-0.2, 13.92074, -0.38478],
			"to": [16.2, 15.92074, 0.61522],
			"rotation": {"angle": 0, "axis": "x", "origin": [8, 14.92074, 0.11522]},
			"faces": {
				"north": {"uv": [0, 0, 16, 2], "texture": "#3"},
				"east": {"uv": [0, 6, 1, 8], "texture": "#3"},
				"south": {"uv": [0, 2, 16, 4], "texture": "#3"},
				"west": {"uv": [1, 6, 2, 8], "texture": "#3"},
				"up": {"uv": [16, 5, 0, 4], "texture": "#3"},
				"down": {"uv": [16, 5, 0, 6], "texture": "#3"}
			}
		},
		{
			"name": "Side1a",
			"from": [14, 0, 0],
			"to": [16, 10, 16],
			"rotation": {"angle": 0, "axis": "y", "origin": [14, 0, 0]},
			"faces": {
				"north": {"uv": [9, 0, 10, 5], "texture": "#4"},
				"east": {"uv": [0, 0, 8, 5], "texture": "#4"},
				"south": {"uv": [9, 5, 10, 10], "texture": "#4"},
				"west": {"uv": [0, 5, 8, 10], "texture": "#4"},
				"up": {"uv": [9, 8, 8, 0], "texture": "#4"},
				"down": {"uv": [9, 8, 8, 16], "texture": "#4"}
			}
		},
		{
			"name": "Side1b",
			"from": [14, 10, 0],
			"to": [16, 16, 10],
			"rotation": {"angle": 0, "axis": "y", "origin": [14, 10, 0]},
			"faces": {
				"north": {"uv": [0, 6, 1, 9], "texture": "#5"},
				"east": {"uv": [0, 0, 5, 3], "texture": "#5"},
				"south": {"uv": [6, 0, 7, 3], "texture": "#5"},
				"west": {"uv": [0, 3, 5, 6], "texture": "#5"},
				"up": {"uv": [6, 5, 5, 0], "texture": "#5"},
				"down": {"uv": [6, 5, 5, 10], "texture": "#5"}
			}
		},
		{
			"name": "Side1c",
			"from": [13.9, 9, 9],
			"to": [15.9, 15, 13],
			"rotation": {"angle": -45, "axis": "x", "origin": [15, 12, 11.5]},
			"faces": {
				"north": {"uv": [0, 6, 2, 12], "texture": "#6"},
				"east": {"uv": [0, 0, 4, 6], "texture": "#6"},
				"south": {"uv": [2, 6, 4, 12], "texture": "#6"},
				"west": {"uv": [4, 0, 8, 6], "texture": "#6"},
				"up": {"uv": [6, 10, 4, 6], "texture": "#6"},
				"down": {"uv": [8, 6, 6, 10], "texture": "#6"}
			}
		},
		{
			"name": "Side2a",
			"from": [0, 0, 0],
			"to": [2, 10, 16],
			"faces": {
				"north": {"uv": [9, 0, 10, 5], "texture": "#7"},
				"east": {"uv": [0, 0, 8, 5], "texture": "#7"},
				"south": {"uv": [9, 5, 10, 10], "texture": "#7"},
				"west": {"uv": [0, 5, 8, 10], "texture": "#7"},
				"up": {"uv": [9, 8, 8, 0], "texture": "#7"},
				"down": {"uv": [9, 8, 8, 16], "texture": "#7"}
			}
		},
		{
			"name": "Side2b",
			"from": [0, 10, 0],
			"to": [2, 16, 10],
			"rotation": {"angle": 0, "axis": "y", "origin": [0, 10, 0]},
			"faces": {
				"north": {"uv": [0, 6, 1, 9], "texture": "#8"},
				"east": {"uv": [0, 0, 5, 3], "texture": "#8"},
				"south": {"uv": [6, 0, 7, 3], "texture": "#8"},
				"west": {"uv": [0, 3, 5, 6], "texture": "#8"},
				"up": {"uv": [6, 5, 5, 0], "texture": "#8"},
				"down": {"uv": [6, 5, 5, 10], "texture": "#8"}
			}
		},
		{
			"name": "Side2c",
			"from": [0.1, 9, 9],
			"to": [2.1, 15, 13],
			"rotation": {"angle": -45, "axis": "x", "origin": [1, 12, 11.5]},
			"faces": {
				"north": {"uv": [0, 6, 2, 12], "texture": "#9"},
				"east": {"uv": [0, 0, 4, 6], "texture": "#9"},
				"south": {"uv": [2, 6, 4, 12], "texture": "#9"},
				"west": {"uv": [4, 0, 8, 6], "texture": "#9"},
				"up": {"uv": [6, 10, 4, 6], "texture": "#9"},
				"down": {"uv": [8, 6, 6, 10], "texture": "#9"}
			}
		},
		{
			"name": "Rear",
			"from": [2, 0, 14],
			"to": [14, 10, 16],
			"rotation": {"angle": 0, "axis": "y", "origin": [14, 0, 0]},
			"faces": {
				"north": {"uv": [0, 0, 6, 5], "texture": "#10"},
				"east": {"uv": [6, 2, 7, 7], "texture": "#10"},
				"south": {"uv": [0, 5, 6, 10], "texture": "#10"},
				"west": {"uv": [7, 2, 8, 7], "texture": "#10"},
				"up": {"uv": [12, 1, 6, 0], "texture": "#10"},
				"down": {"uv": [12, 1, 6, 2], "texture": "#10"}
			}
		},
		{
			"name": "Rearslant",
			"from": [-0.1, 8, 11],
			"to": [16.1, 18, 12.75],
			"rotation": {"angle": -45, "axis": "x", "origin": [8, 13, 12]},
			"faces": {
				"north": {"uv": [0, 0, 8, 5], "texture": "#11"},
				"east": {"uv": [8, 2, 9, 7], "texture": "#11"},
				"south": {"uv": [0, 5, 8, 10], "texture": "#11"},
				"west": {"uv": [8, 7, 9, 12], "texture": "#11"},
				"up": {"uv": [16, 1, 8, 0], "texture": "#11"},
				"down": {"uv": [16, 1, 8, 2], "texture": "#11"}
			}
		},
		{
			"name": "Front",
			"from": [2, 0, 1],
			"to": [14, 15, 3],
			"rotation": {"angle": 0, "axis": "y", "origin": [14, 0, -13]},
			"faces": {
				"north": {"uv": [0, 0, 6, 7.5], "texture": "#12"},
				"east": {"uv": [0, 7.5, 1, 15], "texture": "#12"},
				"south": {"uv": [6, 0, 12, 7.5], "texture": "#12"},
				"west": {"uv": [1, 7.5, 2, 15], "texture": "#12"},
				"up": {"uv": [8, 8.5, 2, 7.5], "texture": "#12"},
				"down": {"uv": [14, 7.5, 8, 8.5], "texture": "#12"}
			}
		},
		{
			"name": "Handle",
			"from": [1, 5, -0.2],
			"to": [3, 9, 1.8],
			"rotation": {"angle": 0, "axis": "y", "origin": [1, 7, 0]},
			"faces": {
				"north": {"uv": [0, 0, 2, 4], "texture": "#13"},
				"east": {"uv": [2, 0, 4, 4], "texture": "#13"},
				"south": {"uv": [0, 4, 2, 8], "texture": "#13"},
				"west": {"uv": [4, 0, 6, 4], "texture": "#13"},
				"up": {"uv": [4, 6, 2, 4], "texture": "#13"},
				"down": {"uv": [6, 4, 4, 6], "texture": "#13"}
			}
		}
	],
	"display": {
		"thirdperson_righthand": {
			"translation": [0, 0, -2.5],
			"scale": [0.5, 0.5, 0.5]
		},
		"thirdperson_lefthand": {
			"translation": [0, 0, -2.5],
			"scale": [0.5, 0.5, 0.5]
		},
		"firstperson_righthand": {
			"rotation": [0, 110, 0],
			"translation": [0, 3.75, 0],
			"scale": [0.75, 0.75, 0.75]
		},
		"firstperson_lefthand": {
			"rotation": [0, 110, 0],
			"translation": [0, 3.75, 0],
			"scale": [0.75, 0.75, 0.75]
		},
		"ground": {
			"translation": [0, 3.5, 0],
			"scale": [0.5, 0.5, 0.5]
		},
		"head": {
			"translation": [0, 3, 0]
		},
		"fixed": {
			"rotation": [-90, 0, 0],
			"translation": [0, 0, 12.25],
			"scale": [2.25, 2.25, 2.25]
		}
	}
}