{
	"credit": "Made with Blockbench",
	"textures": {
		"0": "block/Typewriter/1",
		"1": "block/Typewriter/2",
		"2": "block/Typewriter/3",
		"4": "block/Typewriter/6",
		"5": "block/Typewriter/4",
		"6": "block/Typewriter/7",
		"7": "block/Typewriter/5",
		"particle": "block/Typewriter/1"
	},
	"elements": [
		{
			"name": "Base",
			"from": [0, 0, 2],
			"to": [15, 2, 15],
			"faces": {
				"north": {"uv": [7.5, 0, 15, 1], "texture": "#0"},
				"east": {"uv": [7.5, 2, 14, 3], "texture": "#0"},
				"south": {"uv": [7.5, 1, 15, 2], "texture": "#0"},
				"west": {"uv": [7.5, 3, 14, 4], "texture": "#0"},
				"up": {"uv": [7.5, 6.5, 0, 0], "texture": "#0"},
				"down": {"uv": [7.5, 6.5, 0, 13], "texture": "#0"}
			}
		},
		{
			"name": "Body",
			"from": [0, 2, 6],
			"to": [15, 5, 14],
			"faces": {
				"north": {"uv": [7.5, 0, 15, 1.5], "texture": "#1"},
				"east": {"uv": [7.5, 3, 11.5, 4.5], "texture": "#1"},
				"south": {"uv": [7.5, 1.5, 15, 3], "texture": "#1"},
				"west": {"uv": [7.5, 4.5, 11.5, 6], "texture": "#1"},
				"up": {"uv": [7.5, 4, 0, 0], "texture": "#1"},
				"down": {"uv": [7.5, 4, 0, 8], "texture": "#1"}
			}
		},
		{
			"name": "Keyboard",
			"from": [1, 1, 4],
			"to": [14, 5, 5],
			"rotation": {"angle": 45, "axis": "x", "origin": [7.5, 3, 4.5]},
			"faces": {
				"north": {"uv": [0, 0, 13, 4], "texture": "#2"},
				"east": {"uv": [0, 10, 1, 14], "texture": "#2"},
				"south": {"uv": [0, 4, 13, 8], "texture": "#2"},
				"west": {"uv": [1, 10, 2, 14], "texture": "#2"},
				"up": {"uv": [13, 9, 0, 8], "texture": "#2"},
				"down": {"uv": [13, 9, 0, 10], "texture": "#2"}
			}
		},
		{
			"name": "Rail1",
			"from": [3, 5, 9],
			"to": [5, 6, 14],
			"rotation": {"angle": 0, "axis": "y", "origin": [3, 0, 0]},
			"faces": {
				"north": {"uv": [4, 2, 6, 3], "texture": "#5"},
				"east": {"uv": [4, 0, 9, 1], "texture": "#5"},
				"south": {"uv": [4, 3, 6, 4], "texture": "#5"},
				"west": {"uv": [4, 1, 9, 2], "texture": "#5"},
				"up": {"uv": [2, 5, 0, 0], "texture": "#5"},
				"down": {"uv": [4, 0, 2, 5], "texture": "#5"}
			}
		},
		{
			"name": "Rail2",
			"from": [10, 5, 9],
			"to": [12, 6, 14],
			"rotation": {"angle": 0, "axis": "y", "origin": [10, 0, 0]},
			"faces": {
				"north": {"uv": [0, 0, 2, 1], "texture": "#5"},
				"east": {"uv": [0, 0, 5, 1], "texture": "#5"},
				"south": {"uv": [0, 0, 2, 1], "texture": "#5"},
				"west": {"uv": [0, 0, 5, 1], "texture": "#5"},
				"up": {"uv": [0, 0, 2, 5], "texture": "#5"},
				"down": {"uv": [0, 0, 2, 5], "texture": "#5"}
			}
		},
		{
			"name": "Typer",
			"from": [1, 5, 10],
			"to": [14, 7, 13],
			"rotation": {"angle": 0, "axis": "y", "origin": [1, 5, 11]},
			"faces": {
				"north": {"uv": [0, 6, 13, 8], "texture": "#7"},
				"east": {"uv": [0, 10, 3, 12], "texture": "#7"},
				"south": {"uv": [0, 8, 13, 10], "texture": "#7"},
				"west": {"uv": [3, 10, 6, 12], "texture": "#7"},
				"up": {"uv": [13, 3, 0, 0], "texture": "#7"},
				"down": {"uv": [13, 3, 0, 6], "texture": "#7"}
			}
		},
		{
			"name": "Keysupport",
			"from": [0, 2, 4],
			"to": [15, 3, 6],
			"rotation": {"angle": 0, "axis": "y", "origin": [1, 1, 5]},
			"faces": {
				"north": {"uv": [0, 4, 15, 5], "texture": "#4"},
				"east": {"uv": [0, 6, 2, 7], "texture": "#4"},
				"south": {"uv": [0, 5, 15, 6], "texture": "#4"},
				"west": {"uv": [2, 6, 4, 7], "texture": "#4"},
				"up": {"uv": [15, 2, 0, 0], "texture": "#4"},
				"down": {"uv": [15, 2, 0, 4], "texture": "#4"}
			}
		},
		{
			"name": "Backplate",
			"from": [1, 2, 14],
			"to": [14, 4, 15],
			"rotation": {"angle": 0, "axis": "y", "origin": [1, 2, 11]},
			"faces": {
				"north": {"uv": [0, 0, 13, 2], "texture": "#6"},
				"east": {"uv": [0, 6, 1, 8], "texture": "#6"},
				"south": {"uv": [0, 2, 13, 4], "texture": "#6"},
				"west": {"uv": [1, 6, 2, 8], "texture": "#6"},
				"up": {"uv": [13, 5, 0, 4], "texture": "#6"},
				"down": {"uv": [13, 5, 0, 6], "texture": "#6"}
			}
		}
	],
	"display": {
		"thirdperson_righthand": {
			"translation": [0, 4, 0],
			"scale": [0.5, 0.5, 0.5]
		},
		"thirdperson_lefthand": {
			"translation": [0, 4, 0],
			"scale": [0.5, 0.5, 0.5]
		},
		"firstperson_righthand": {
			"rotation": [0, 159, 0],
			"translation": [0, 7.25, 0],
			"scale": [0.75, 0.75, 0.75]
		},
		"firstperson_lefthand": {
			"rotation": [0, 159, 0],
			"translation": [0, 7.25, 0],
			"scale": [0.75, 0.75, 0.75]
		},
		"ground": {
			"translation": [0, 5, 0]
		},
		"gui": {
			"rotation": [0, 180, 0],
			"translation": [-0.5, 4, 0]
		},
		"head": {
			"translation": [0.5, 14.25, 0]
		},
		"fixed": {
			"rotation": [-90, 0, 0],
			"translation": [0.75, -0.75, -16],
			"scale": [2, 2, 2]
		}
	}
}