{
	"credit": "Made with Blockbench",
	"texture_size": [32, 32],
	"textures": {
		"0": "block/Papers1/2",
		"1": "block/Papers1/1",
		"particle": "block/Papers1/2"
	},
	"elements": [
		{
			"name": "Paper1",
			"from": [0, 0.1, -2],
			"to": [16, 0.1, 14],
			"rotation": {"angle": 0, "axis": "y", "origin": [0, 0, -2]},
			"faces": {
				"north": {"uv": [0, 0, 8, 0], "texture": "#1"},
				"east": {"uv": [0, 0, 8, 0], "texture": "#1"},
				"south": {"uv": [0, 0, 8, 0], "texture": "#1"},
				"west": {"uv": [0, 0, 8, 0], "texture": "#1"},
				"up": {"uv": [8, 8, 0, 0], "texture": "#1"},
				"down": {"uv": [8, 8, 0, 16], "texture": "#1"}
			}
		},
		{
			"name": "Paper2",
			"from": [8, 0.11, -5],
			"to": [24, 0.11, 11],
			"rotation": {"angle": -22.5, "axis": "y", "origin": [16, 0.1, 3]},
			"faces": {
				"north": {"uv": [0, 0, 8, 0], "texture": "#0"},
				"east": {"uv": [0, 0, 8, 0], "texture": "#0"},
				"south": {"uv": [0, 0, 8, 0], "texture": "#0"},
				"west": {"uv": [0, 0, 8, 0], "texture": "#0"},
				"up": {"uv": [8, 8, 0, 0], "texture": "#0"},
				"down": {"uv": [8, 8, 0, 16], "texture": "#0"}
			}
		}
	],
	"display": {
		"thirdperson_righthand": {
			"rotation": [0, -62, 0],
			"translation": [0, 8, 0]
		},
		"thirdperson_lefthand": {
			"rotation": [0, -62, 0],
			"translation": [0, 8, 0]
		},
		"firstperson_righthand": {
			"rotation": [90, 50, 0],
			"translation": [5, 2.25, 5.25]
		},
		"firstperson_lefthand": {
			"rotation": [90, 50, 0],
			"translation": [5, 2.25, 5.25]
		},
		"ground": {
			"translation": [0, 4.75, 0]
		},
		"head": {
			"rotation": [-90, 0, 0],
			"translation": [0, 0, -14.5]
		},
		"fixed": {
			"rotation": [-90, 0, 0],
			"translation": [0, 0, -16],
			"scale": [2, 2, 2]
		}
	}
}