{
	"credit": "Made with Blockbench",
	"textures": {
		"0": "block/GenAtomicsMrGutsy/2",
		"1": "block/GenAtomicsMrGutsy/3",
		"2": "block/GenAtomicsMrGutsy/4",
		"3": "block/GenAtomicsMrGutsy/5",
		"4": "block/GenAtomicsMrGutsy/6",
		"7": "block/GenAtomicsMrGutsy/9",
		"8": "block/GenAtomicsMrGutsy/10",
		"9": "block/GenAtomicsMrGutsy/11",
		"10": "block/GenAtomicsMrGutsy/12",
		"11": "block/GenAtomicsMrGutsy/13",
		"12": "block/GenAtomicsMrGutsy/14",
		"16": "block/GenAtomicsMrGutsy/18",
		"17": "block/GenAtomicsMrGutsy/19",
		"18": "block/GenAtomicsMrGutsy/20",
		"19": "block/GenAtomicsMrGutsy/21",
		"20": "block/GenAtomicsMrGutsy/22",
		"21": "block/GenAtomicsMrGutsy/23",
		"22": "block/GenAtomicsMrGutsy/24",
		"23": "block/GenAtomicsMrGutsy/25",
		"24": "block/GenAtomicsMrGutsy/26",
		"25": "block/GenAtomicsMrGutsy/1",
		"particle": "block/GenAtomicsMrGutsy/2"
	},
	"elements": [
		{
			"name": "Body",
			"from": [1, 15, 1],
			"to": [15, 29, 15],
			"rotation": {"angle": 0, "axis": "y", "origin": [8, 22, 8]},
			"faces": {
				"north": {"uv": [0, 0, 3.5, 3.5], "texture": "#25"},
				"east": {"uv": [0, 3.5, 3.5, 7], "texture": "#25"},
				"south": {"uv": [3.5, 0, 7, 3.5], "texture": "#25"},
				"west": {"uv": [3.5, 3.5, 7, 7], "texture": "#25"},
				"up": {"uv": [3.5, 10.5, 0, 7], "texture": "#25"},
				"down": {"uv": [10.5, 0, 7, 3.5], "texture": "#25"}
			}
		},
		{
			"name": "PackL",
			"from": [0, 14, 13],
			"to": [7, 18, 17],
			"rotation": {"angle": 0, "axis": "y", "origin": [0, 15, 15]},
			"faces": {
				"north": {"uv": [0, 0, 7, 3], "texture": "#3"},
				"east": {"uv": [7, 3, 10, 6], "texture": "#3"},
				"south": {"uv": [0, 3, 7, 6], "texture": "#3"},
				"west": {"uv": [7, 6, 10, 9], "texture": "#3"},
				"up": {"uv": [7, 9, 0, 6], "texture": "#3"},
				"down": {"uv": [14, 0, 7, 3], "texture": "#3"}
			}
		},
		{
			"name": "PackR",
			"from": [9, 14, 13],
			"to": [16, 18, 17],
			"rotation": {"angle": 0, "axis": "y", "origin": [9, 15, 15]},
			"faces": {
				"north": {"uv": [0, 0, 7, 3], "texture": "#3"},
				"east": {"uv": [7, 3, 10, 6], "texture": "#3"},
				"south": {"uv": [0, 3, 7, 6], "texture": "#3"},
				"west": {"uv": [7, 6, 10, 9], "texture": "#3"},
				"up": {"uv": [7, 9, 0, 6], "texture": "#3"},
				"down": {"uv": [14, 0, 7, 3], "texture": "#3"}
			}
		},
		{
			"name": "Rear1",
			"from": [7, 15, 14],
			"to": [9, 18, 16],
			"rotation": {"angle": 0, "axis": "y", "origin": [7, 15, 14]},
			"faces": {
				"north": {"uv": [0, 0, 2, 3], "texture": "#4"},
				"east": {"uv": [2, 0, 4, 3], "texture": "#4"},
				"south": {"uv": [0, 3, 2, 6], "texture": "#4"},
				"west": {"uv": [2, 3, 4, 6], "texture": "#4"},
				"up": {"uv": [6, 2, 4, 0], "texture": "#4"},
				"down": {"uv": [6, 2, 4, 4], "texture": "#4"}
			}
		},
		{
			"name": "Rear2",
			"from": [4.5, 18, 14],
			"to": [7.5, 22, 16],
			"rotation": {"angle": 0, "axis": "y", "origin": [5, 18, 14]},
			"faces": {
				"north": {"uv": [0, 0, 3, 4], "texture": "#4"},
				"east": {"uv": [0, 4, 2, 8], "texture": "#4"},
				"south": {"uv": [3, 0, 6, 4], "texture": "#4"},
				"west": {"uv": [2, 4, 4, 8], "texture": "#4"},
				"up": {"uv": [7, 6, 4, 4], "texture": "#4"},
				"down": {"uv": [9, 0, 6, 2], "texture": "#4"}
			}
		},
		{
			"name": "Rear3",
			"from": [8.5, 18, 14],
			"to": [11.5, 22, 16],
			"rotation": {"angle": 0, "axis": "y", "origin": [10, 18, 14]},
			"faces": {
				"north": {"uv": [0, 0, 3, 4], "texture": "#4"},
				"east": {"uv": [0, 4, 2, 8], "texture": "#4"},
				"south": {"uv": [3, 0, 6, 4], "texture": "#4"},
				"west": {"uv": [2, 4, 4, 8], "texture": "#4"},
				"up": {"uv": [7, 6, 4, 4], "texture": "#4"},
				"down": {"uv": [9, 0, 6, 2], "texture": "#4"}
			}
		},
		{
			"name": "StalkF",
			"from": [7, 22.12132, -4.70711],
			"to": [9, 24.12132, 3.29289],
			"rotation": {"angle": 45, "axis": "x", "origin": [8, 23.12132, -0.70711]},
			"faces": {
				"north": {"uv": [4, 4, 6, 6], "texture": "#0"},
				"east": {"uv": [0, 0, 8, 2], "texture": "#0"},
				"south": {"uv": [4, 6, 6, 8], "texture": "#0"},
				"west": {"uv": [0, 2, 8, 4], "texture": "#0"},
				"up": {"uv": [2, 12, 0, 4], "texture": "#0"},
				"down": {"uv": [4, 4, 2, 12], "texture": "#0"}
			}
		},
		{
			"name": "EyeF",
			"from": [5, 26, -7],
			"to": [11, 32, -1],
			"rotation": {"angle": 0, "axis": "y", "origin": [7, 26, -3]},
			"faces": {
				"north": {"uv": [0, 0, 3, 3], "texture": "#1"},
				"east": {"uv": [0, 3, 3, 6], "texture": "#1"},
				"south": {"uv": [3, 0, 6, 3], "texture": "#1"},
				"west": {"uv": [3, 3, 6, 6], "texture": "#1"},
				"up": {"uv": [3, 9, 0, 6], "texture": "#1"},
				"down": {"uv": [9, 0, 6, 3], "texture": "#1"}
			}
		},
		{
			"name": "EyePanelF",
			"from": [6.5, 23, -6],
			"to": [9.5, 26, -4],
			"rotation": {"angle": 0, "axis": "y", "origin": [0, 15, 0]},
			"faces": {
				"north": {"uv": [0, 0, 3, 3], "texture": "#2"},
				"east": {"uv": [3, 0, 5, 3], "texture": "#2"},
				"south": {"uv": [0, 3, 3, 6], "texture": "#2"},
				"west": {"uv": [3, 3, 5, 6], "texture": "#2"},
				"up": {"uv": [8, 2, 5, 0], "texture": "#2"},
				"down": {"uv": [8, 2, 5, 4], "texture": "#2"}
			}
		},
		{
			"name": "StalkR",
			"from": [15, 19.12132, 7.29289],
			"to": [17, 27.12132, 9.29289],
			"rotation": {"angle": -45, "axis": "z", "origin": [16, 23.12132, 8.29289]},
			"faces": {
				"north": {"uv": [0, 2, 8, 4], "rotation": 90, "texture": "#0"},
				"east": {"uv": [4, 4, 2, 12], "rotation": 180, "texture": "#0"},
				"south": {"uv": [0, 0, 8, 2], "rotation": 270, "texture": "#0"},
				"west": {"uv": [2, 12, 0, 4], "texture": "#0"},
				"up": {"uv": [4, 4, 6, 6], "rotation": 270, "texture": "#0"},
				"down": {"uv": [4, 6, 6, 8], "rotation": 270, "texture": "#0"}
			}
		},
		{
			"name": "EyePanelR",
			"from": [18, 23, 6.5],
			"to": [20, 26, 9.5],
			"rotation": {"angle": 0, "axis": "y", "origin": [19, 24.5, 8]},
			"faces": {
				"north": {"uv": [3, 3, 5, 6], "texture": "#2"},
				"east": {"uv": [0, 0, 3, 3], "texture": "#2"},
				"south": {"uv": [3, 0, 5, 3], "texture": "#2"},
				"west": {"uv": [0, 3, 3, 6], "texture": "#2"},
				"up": {"uv": [8, 2, 5, 0], "rotation": 90, "texture": "#2"},
				"down": {"uv": [8, 2, 5, 4], "rotation": 270, "texture": "#2"}
			}
		},
		{
			"name": "EyeR",
			"from": [17, 26, 4],
			"to": [23, 32, 10],
			"rotation": {"angle": -45, "axis": "y", "origin": [19, 26, 8]},
			"faces": {
				"north": {"uv": [0, 0, 3, 3], "texture": "#1"},
				"east": {"uv": [0, 3, 3, 6], "texture": "#1"},
				"south": {"uv": [3, 0, 6, 3], "texture": "#1"},
				"west": {"uv": [3, 3, 6, 6], "texture": "#1"},
				"up": {"uv": [3, 9, 0, 6], "texture": "#1"},
				"down": {"uv": [9, 0, 6, 3], "texture": "#1"}
			}
		},
		{
			"name": "StalkL",
			"from": [-1, 19.12132, 7.29289],
			"to": [1, 27.12132, 9.29289],
			"rotation": {"angle": 45, "axis": "z", "origin": [0, 23.12132, 8.29289]},
			"faces": {
				"north": {"uv": [0, 0, 8, 2], "rotation": 270, "texture": "#0"},
				"east": {"uv": [2, 12, 0, 4], "texture": "#0"},
				"south": {"uv": [0, 2, 8, 4], "rotation": 90, "texture": "#0"},
				"west": {"uv": [4, 4, 2, 12], "rotation": 180, "texture": "#0"},
				"up": {"uv": [4, 4, 6, 6], "rotation": 90, "texture": "#0"},
				"down": {"uv": [4, 6, 6, 8], "rotation": 90, "texture": "#0"}
			}
		},
		{
			"name": "EyePanelL",
			"from": [-5, 23, 6.5],
			"to": [-3, 26, 9.5],
			"rotation": {"angle": 0, "axis": "y", "origin": [-4, 24.5, 8]},
			"faces": {
				"north": {"uv": [3, 0, 5, 3], "texture": "#2"},
				"east": {"uv": [0, 3, 3, 6], "texture": "#2"},
				"south": {"uv": [3, 3, 5, 6], "texture": "#2"},
				"west": {"uv": [0, 0, 3, 3], "texture": "#2"},
				"up": {"uv": [8, 2, 5, 0], "rotation": 270, "texture": "#2"},
				"down": {"uv": [8, 2, 5, 4], "rotation": 90, "texture": "#2"}
			}
		},
		{
			"name": "EyeL",
			"from": [-6, 26, 5],
			"to": [0, 32, 11],
			"rotation": {"angle": 45, "axis": "y", "origin": [-4, 26, 9]},
			"faces": {
				"north": {"uv": [0, 0, 3, 3], "texture": "#1"},
				"east": {"uv": [0, 3, 3, 6], "texture": "#1"},
				"south": {"uv": [3, 0, 6, 3], "texture": "#1"},
				"west": {"uv": [3, 3, 6, 6], "texture": "#1"},
				"up": {"uv": [3, 9, 0, 6], "texture": "#1"},
				"down": {"uv": [9, 0, 6, 3], "texture": "#1"}
			}
		},
		{
			"name": "Waist",
			"from": [4, 13, 4],
			"to": [12, 15, 12],
			"rotation": {"angle": 45, "axis": "y", "origin": [8, 14, 8]},
			"faces": {
				"north": {"uv": [8, 0, 16, 2], "texture": "#7"},
				"east": {"uv": [8, 2, 16, 4], "texture": "#7"},
				"south": {"uv": [8, 4, 16, 6], "texture": "#7"},
				"west": {"uv": [8, 6, 16, 8], "texture": "#7"},
				"up": {"uv": [8, 8, 0, 0], "texture": "#7"},
				"down": {"uv": [8, 8, 0, 16], "texture": "#7"}
			}
		},
		{
			"name": "MountingPiece",
			"from": [4, 11, 4],
			"to": [12, 13, 12],
			"rotation": {"angle": 0, "axis": "y", "origin": [7, 11, 7]},
			"faces": {
				"north": {"uv": [8, 0, 16, 2], "texture": "#8"},
				"east": {"uv": [8, 2, 16, 4], "texture": "#8"},
				"south": {"uv": [8, 4, 16, 6], "texture": "#8"},
				"west": {"uv": [8, 6, 16, 8], "texture": "#8"},
				"up": {"uv": [8, 8, 0, 0], "texture": "#8"},
				"down": {"uv": [8, 8, 0, 16], "texture": "#8"}
			}
		},
		{
			"name": "ArmMountF",
			"from": [6, 9, 0.5],
			"to": [10, 11, 6.5],
			"rotation": {"angle": 0, "axis": "y", "origin": [8.5, 10, 4]},
			"faces": {
				"north": {"uv": [0, 8, 4, 10], "texture": "#9"},
				"east": {"uv": [0, 6, 6, 8], "texture": "#9"},
				"south": {"uv": [8, 0, 12, 2], "texture": "#9"},
				"west": {"uv": [6, 6, 12, 8], "texture": "#9"},
				"up": {"uv": [4, 6, 0, 0], "texture": "#9"},
				"down": {"uv": [8, 0, 4, 6], "texture": "#9"}
			}
		},
		{
			"name": "ArmMountR",
			"from": [10, 9, 7.5],
			"to": [14, 11, 13.5],
			"rotation": {"angle": 45, "axis": "y", "origin": [12.5, 10, 11]},
			"faces": {
				"north": {"uv": [0, 8, 4, 10], "texture": "#9"},
				"east": {"uv": [0, 6, 6, 8], "texture": "#9"},
				"south": {"uv": [8, 0, 12, 2], "texture": "#9"},
				"west": {"uv": [6, 6, 12, 8], "texture": "#9"},
				"up": {"uv": [4, 6, 0, 0], "texture": "#9"},
				"down": {"uv": [8, 0, 4, 6], "texture": "#9"}
			}
		},
		{
			"name": "ArmMountL",
			"from": [2.79289, 9, 8],
			"to": [6.79289, 11, 14],
			"rotation": {"angle": -45, "axis": "y", "origin": [4.79289, 10, 11]},
			"faces": {
				"north": {"uv": [0, 8, 4, 10], "texture": "#9"},
				"east": {"uv": [0, 6, 6, 8], "texture": "#9"},
				"south": {"uv": [8, 0, 12, 2], "texture": "#9"},
				"west": {"uv": [6, 6, 12, 8], "texture": "#9"},
				"up": {"uv": [4, 6, 0, 0], "texture": "#9"},
				"down": {"uv": [8, 0, 4, 6], "texture": "#9"}
			}
		},
		{
			"name": "Flame",
			"from": [6, -3, 6],
			"to": [10, 2, 10],
			"rotation": {"angle": 0, "axis": "y", "origin": [7, 10, 7]},
			"faces": {
				"north": {"uv": [3, 0, 6, 2.5], "texture": "#11"},
				"east": {"uv": [3, 2.5, 6, 5], "texture": "#11"},
				"south": {"uv": [3, 5, 6, 7.5], "texture": "#11"},
				"west": {"uv": [0, 6, 3, 8.5], "texture": "#11"},
				"up": {"uv": [3, 3, 0, 0], "texture": "#11"},
				"down": {"uv": [3, 3, 0, 6], "texture": "#11"}
			}
		},
		{
			"name": "Thruster",
			"from": [5, 2, 5],
			"to": [11, 11, 11],
			"rotation": {"angle": 0, "axis": "y", "origin": [7, 9, 7]},
			"faces": {
				"north": {"uv": [0, 0, 3, 5], "texture": "#10"},
				"east": {"uv": [3, 0, 6, 5], "texture": "#10"},
				"south": {"uv": [0, 5, 3, 10], "texture": "#10"},
				"west": {"uv": [3, 5, 6, 10], "texture": "#10"},
				"up": {"uv": [9, 3, 6, 0], "texture": "#10"},
				"down": {"uv": [9, 3, 6, 6], "texture": "#10"}
			}
		},
		{
			"name": "TopArm",
			"from": [7, 3.02841, -4.48313],
			"to": [9, 11.02841, -1.48313],
			"rotation": {"angle": 22.5, "axis": "x", "origin": [8, 0.27245, -3.82664]},
			"faces": {
				"north": {"uv": [6, 0, 8, 8], "texture": "#12"},
				"east": {"uv": [0, 0, 3, 8], "texture": "#12"},
				"south": {"uv": [0, 8, 2, 16], "texture": "#12"},
				"west": {"uv": [3, 0, 6, 8], "texture": "#12"},
				"up": {"uv": [10, 3, 8, 0], "texture": "#12"},
				"down": {"uv": [4, 8, 2, 11], "texture": "#12"}
			}
		},
		{
			"name": "TopMidArm",
			"from": [7, -5.16411, 0.60739],
			"to": [9, 2.83589, 3.60739],
			"rotation": {"angle": 45, "axis": "x", "origin": [8, 1.27245, -3.82664]},
			"faces": {
				"north": {"uv": [6, 0, 8, 8], "texture": "#12"},
				"east": {"uv": [0, 0, 3, 8], "texture": "#12"},
				"south": {"uv": [0, 8, 2, 16], "texture": "#12"},
				"west": {"uv": [3, 0, 6, 8], "texture": "#12"},
				"up": {"uv": [10, 3, 8, 0], "texture": "#12"},
				"down": {"uv": [4, 8, 2, 11], "texture": "#12"}
			}
		},
		{
			"name": "LowerMidArm",
			"from": [7.125, -6.81305, -8.74076],
			"to": [8.875, -3.81305, -0.74076],
			"rotation": {"angle": 22.5, "axis": "x", "origin": [8, 1.27245, -3.82664]},
			"faces": {
				"north": {"uv": [4, 6, 6, 9], "texture": "#12"},
				"east": {"uv": [0, 0, 8, 3], "texture": "#12"},
				"south": {"uv": [6, 6, 8, 9], "texture": "#12"},
				"west": {"uv": [0, 3, 8, 6], "texture": "#12"},
				"up": {"uv": [2, 14, 0, 6], "texture": "#12"},
				"down": {"uv": [4, 6, 2, 14], "texture": "#12"}
			}
		},
		{
			"name": "LowerArm",
			"from": [7.125, -4.44365, -2.39555],
			"to": [8.875, 2.55635, 0.60445],
			"rotation": {"angle": -22.5, "axis": "x", "origin": [8, 0.27245, -3.82664]},
			"faces": {
				"north": {"uv": [6, 0, 8, 8], "texture": "#12"},
				"east": {"uv": [0, 0, 3, 8], "texture": "#12"},
				"south": {"uv": [0, 8, 2, 16], "texture": "#12"},
				"west": {"uv": [3, 0, 6, 8], "texture": "#12"},
				"up": {"uv": [10, 3, 8, 0], "texture": "#12"},
				"down": {"uv": [4, 8, 2, 11], "texture": "#12"}
			}
		},
		{
			"from": [6.5, 4, -3],
			"to": [9.5, 10, -1],
			"rotation": {"angle": 22.5, "axis": "x", "origin": [8, 7, -3]},
			"faces": {
				"north": {"uv": [0, 0, 3, 6], "texture": "#16"},
				"east": {"uv": [0, 6, 2, 12], "texture": "#16"},
				"south": {"uv": [3, 0, 6, 6], "texture": "#16"},
				"west": {"uv": [6, 0, 8, 6], "texture": "#16"},
				"up": {"uv": [5, 8, 2, 6], "texture": "#16"},
				"down": {"uv": [8, 6, 5, 8], "texture": "#16"}
			}
		},
		{
			"from": [6.5, -7, -1],
			"to": [9.5, -1, 1],
			"rotation": {"angle": 45, "axis": "x", "origin": [8, -4, -1]},
			"faces": {
				"north": {"uv": [0, 0, 3, 6], "texture": "#16"},
				"east": {"uv": [0, 6, 2, 12], "texture": "#16"},
				"south": {"uv": [3, 0, 6, 6], "texture": "#16"},
				"west": {"uv": [6, 0, 8, 6], "texture": "#16"},
				"up": {"uv": [5, 8, 2, 6], "texture": "#16"},
				"down": {"uv": [8, 6, 5, 8], "texture": "#16"}
			}
		},
		{
			"from": [6.5, -2, -3],
			"to": [9.5, 2, -1],
			"rotation": {"angle": -22.5, "axis": "x", "origin": [8, 0, -3]},
			"faces": {
				"north": {"uv": [0, 0, 3, 6], "texture": "#16"},
				"east": {"uv": [0, 6, 2, 12], "texture": "#16"},
				"south": {"uv": [3, 0, 6, 6], "texture": "#16"},
				"west": {"uv": [6, 0, 8, 6], "texture": "#16"},
				"up": {"uv": [5, 8, 2, 6], "texture": "#16"},
				"down": {"uv": [8, 6, 5, 8], "texture": "#16"}
			}
		},
		{
			"name": "LowerMidArm",
			"from": [7.07926, -4.34672, -12.7421],
			"to": [9.07926, -1.34672, -9.7421],
			"rotation": {"angle": 0, "axis": "y", "origin": [8.07926, -2.34672, -12.7421]},
			"faces": {
				"north": {"uv": [8, 2, 6, 0], "rotation": 270, "texture": "#12"},
				"east": {"uv": [0, 0, 2, 6], "rotation": 90, "texture": "#12"},
				"south": {"uv": [4, 6, 2, 8], "rotation": 270, "texture": "#12"},
				"west": {"uv": [4, 0, 6, 6], "rotation": 270, "texture": "#12"},
				"up": {"uv": [2, 0, 4, 6], "texture": "#12"},
				"down": {"uv": [0, 6, 2, 12], "rotation": 180, "texture": "#12"}
			}
		},
		{
			"from": [9, -3, -16],
			"to": [10, -1, -12],
			"rotation": {"angle": 0, "axis": "y", "origin": [7, -3, -14]},
			"faces": {
				"north": {"uv": [1, 4, 2, 6], "texture": "#19"},
				"east": {"uv": [0, 0, 4, 2], "texture": "#19"},
				"south": {"uv": [2, 4, 3, 6], "texture": "#19"},
				"west": {"uv": [0, 2, 4, 4], "texture": "#19"},
				"up": {"uv": [1, 8, 0, 4], "texture": "#19"},
				"down": {"uv": [5, 0, 4, 4], "texture": "#19"}
			}
		},
		{
			"from": [6, -3, -16],
			"to": [7, -1, -12],
			"rotation": {"angle": 0, "axis": "y", "origin": [4, -3, -14]},
			"faces": {
				"north": {"uv": [1, 4, 2, 6], "texture": "#19"},
				"east": {"uv": [0, 0, 4, 2], "texture": "#19"},
				"south": {"uv": [2, 4, 3, 6], "texture": "#19"},
				"west": {"uv": [0, 2, 4, 4], "texture": "#19"},
				"up": {"uv": [1, 8, 0, 4], "texture": "#19"},
				"down": {"uv": [5, 0, 4, 4], "texture": "#19"}
			}
		},
		{
			"name": "TopArm",
			"from": [-3.33533, 2.00997, 11.25788],
			"to": [-0.33533, 10.00997, 13.25788],
			"rotation": {"angle": -22.5, "axis": "z", "origin": [-1, -0.5449, 12.25788]},
			"faces": {
				"north": {"uv": [3, 0, 6, 8], "texture": "#12"},
				"east": {"uv": [6, 0, 8, 8], "texture": "#12"},
				"south": {"uv": [0, 0, 3, 8], "texture": "#12"},
				"west": {"uv": [0, 8, 2, 16], "texture": "#12"},
				"up": {"uv": [10, 3, 8, 0], "rotation": 90, "texture": "#12"},
				"down": {"uv": [4, 8, 2, 11], "rotation": 270, "texture": "#12"}
			}
		},
		{
			"name": "TopMidArm",
			"from": [-1, -2.64645, 11.375],
			"to": [2, 4.35355, 13.125],
			"rotation": {"angle": 22.5, "axis": "z", "origin": [0.5, 0.35355, 12.25]},
			"faces": {
				"north": {"uv": [0, 0, 3, 8], "texture": "#12"},
				"east": {"uv": [0, 8, 2, 16], "texture": "#12"},
				"south": {"uv": [3, 0, 6, 8], "texture": "#12"},
				"west": {"uv": [6, 0, 8, 8], "texture": "#12"},
				"up": {"uv": [10, 3, 8, 0], "rotation": 270, "texture": "#12"},
				"down": {"uv": [4, 8, 2, 11], "rotation": 90, "texture": "#12"}
			}
		},
		{
			"name": "LowerMidArm",
			"from": [-1.5, -8.46194, 11.375],
			"to": [1.5, -0.46194, 13.125],
			"rotation": {"angle": -45, "axis": "z", "origin": [0, -4.46194, 11.80866]},
			"faces": {
				"north": {"uv": [0, 0, 8, 3], "rotation": 270, "texture": "#12"},
				"east": {"uv": [2, 14, 0, 6], "texture": "#12"},
				"south": {"uv": [0, 3, 8, 6], "rotation": 90, "texture": "#12"},
				"west": {"uv": [4, 6, 2, 14], "rotation": 180, "texture": "#12"},
				"up": {"uv": [4, 6, 6, 9], "rotation": 90, "texture": "#12"},
				"down": {"uv": [6, 6, 8, 9], "rotation": 90, "texture": "#12"}
			}
		},
		{
			"name": "LowerMidArm",
			"from": [-7.5, -3.46194, 11.2579],
			"to": [-5.5, 2.53806, 13.2579],
			"rotation": {"angle": 22.5, "axis": "z", "origin": [-7, -1.46194, 11.80866]},
			"faces": {
				"north": {"uv": [0, 0, 2, 6], "texture": "#18"},
				"east": {"uv": [2, 0, 4, 6], "texture": "#18"},
				"south": {"uv": [4, 0, 6, 6], "texture": "#18"},
				"west": {"uv": [0, 6, 2, 12], "texture": "#18"},
				"up": {"uv": [8, 2, 6, 0], "texture": "#18"},
				"down": {"uv": [4, 6, 2, 8], "texture": "#18"}
			}
		},
		{
			"name": "LowerMidArm",
			"from": [-12, 1.03806, 11.375],
			"to": [-8, 3.03806, 13.125],
			"rotation": {"angle": 0, "axis": "y", "origin": [-10, 1.53806, 11.80866]},
			"faces": {
				"north": {"uv": [0, 0, 2, 6], "rotation": 90, "texture": "#18"},
				"east": {"uv": [4, 6, 2, 8], "rotation": 270, "texture": "#18"},
				"south": {"uv": [4, 0, 6, 6], "rotation": 270, "texture": "#18"},
				"west": {"uv": [8, 2, 6, 0], "rotation": 270, "texture": "#18"},
				"up": {"uv": [2, 0, 4, 6], "rotation": 270, "texture": "#18"},
				"down": {"uv": [0, 6, 2, 12], "rotation": 270, "texture": "#18"}
			}
		},
		{
			"from": [-2, 2.99048, 10.57858],
			"to": [0, 8.99048, 13.57858],
			"rotation": {"angle": -22.5, "axis": "z", "origin": [-1, 5.99048, 12.07858]},
			"faces": {
				"north": {"uv": [6, 0, 8, 6], "texture": "#16"},
				"east": {"uv": [0, 0, 3, 6], "texture": "#16"},
				"south": {"uv": [0, 6, 2, 12], "texture": "#16"},
				"west": {"uv": [3, 0, 6, 6], "texture": "#16"},
				"up": {"uv": [5, 8, 2, 6], "rotation": 90, "texture": "#16"},
				"down": {"uv": [8, 6, 5, 8], "rotation": 270, "texture": "#16"}
			}
		},
		{
			"from": [-1.666, -1.61732, 10.75788],
			"to": [0.334, 2.38268, 13.75788],
			"rotation": {"angle": 22.5, "axis": "z", "origin": [-0.666, 0.38268, 12.25788]},
			"faces": {
				"north": {"uv": [6, 0, 8, 6], "texture": "#16"},
				"east": {"uv": [0, 0, 3, 6], "texture": "#16"},
				"south": {"uv": [0, 6, 2, 12], "texture": "#16"},
				"west": {"uv": [3, 0, 6, 6], "texture": "#16"},
				"up": {"uv": [5, 8, 2, 6], "rotation": 90, "texture": "#16"},
				"down": {"uv": [8, 6, 5, 8], "rotation": 270, "texture": "#16"}
			}
		},
		{
			"from": [-2, -5.70711, 10.7579],
			"to": [4, -3.70711, 13.7579],
			"rotation": {"angle": 45, "axis": "z", "origin": [1, -4.70711, 11.70711]},
			"faces": {
				"north": {"uv": [6, 0, 8, 6], "rotation": 270, "texture": "#16"},
				"east": {"uv": [5, 8, 2, 6], "rotation": 180, "texture": "#16"},
				"south": {"uv": [0, 6, 2, 12], "rotation": 90, "texture": "#16"},
				"west": {"uv": [8, 6, 5, 8], "texture": "#16"},
				"up": {"uv": [3, 0, 6, 6], "rotation": 90, "texture": "#16"},
				"down": {"uv": [0, 0, 3, 6], "rotation": 90, "texture": "#16"}
			}
		},
		{
			"name": "LowerArm",
			"from": [-9.2169, -5.8974, 11.375],
			"to": [-1.2169, -2.8974, 13.125],
			"rotation": {"angle": -22.5, "axis": "z", "origin": [-5.2169, -4.3974, 12.25]},
			"faces": {
				"north": {"uv": [0, 0, 3, 8], "rotation": 90, "texture": "#12"},
				"east": {"uv": [4, 8, 2, 11], "texture": "#12"},
				"south": {"uv": [3, 0, 6, 8], "rotation": 270, "texture": "#12"},
				"west": {"uv": [10, 3, 8, 0], "rotation": 180, "texture": "#12"},
				"up": {"uv": [0, 8, 2, 16], "rotation": 270, "texture": "#12"},
				"down": {"uv": [6, 0, 8, 8], "rotation": 270, "texture": "#12"}
			}
		},
		{
			"name": "TopArm",
			"from": [14.2367, 1.83067, 11.25788],
			"to": [17.2367, 9.83067, 13.25788],
			"rotation": {"angle": 22.5, "axis": "z", "origin": [15.7367, 5.83067, 12.25788]},
			"faces": {
				"north": {"uv": [3, 0, 6, 8], "texture": "#12"},
				"east": {"uv": [6, 0, 8, 8], "texture": "#12"},
				"south": {"uv": [0, 0, 3, 8], "texture": "#12"},
				"west": {"uv": [0, 8, 2, 16], "texture": "#12"},
				"up": {"uv": [10, 3, 8, 0], "rotation": 90, "texture": "#12"},
				"down": {"uv": [4, 8, 2, 11], "rotation": 270, "texture": "#12"}
			}
		},
		{
			"name": "TopMidArm",
			"from": [14, -2.64645, 11.375],
			"to": [17, 4.35355, 13.125],
			"rotation": {"angle": -22.5, "axis": "z", "origin": [15.5, 0.35355, 12.25]},
			"faces": {
				"north": {"uv": [0, 0, 3, 8], "texture": "#12"},
				"east": {"uv": [0, 8, 2, 16], "texture": "#12"},
				"south": {"uv": [3, 0, 6, 8], "texture": "#12"},
				"west": {"uv": [6, 0, 8, 8], "texture": "#12"},
				"up": {"uv": [10, 3, 8, 0], "rotation": 270, "texture": "#12"},
				"down": {"uv": [4, 8, 2, 11], "rotation": 90, "texture": "#12"}
			}
		},
		{
			"name": "LowerMidArm",
			"from": [15.5, -8.46194, 11.375],
			"to": [18.5, -0.46194, 13.125],
			"rotation": {"angle": 45, "axis": "z", "origin": [17, -4.46194, 11.80866]},
			"faces": {
				"north": {"uv": [0, 0, 8, 3], "rotation": 270, "texture": "#12"},
				"east": {"uv": [2, 14, 0, 6], "texture": "#12"},
				"south": {"uv": [0, 3, 8, 6], "rotation": 90, "texture": "#12"},
				"west": {"uv": [4, 6, 2, 14], "rotation": 180, "texture": "#12"},
				"up": {"uv": [4, 6, 6, 9], "rotation": 90, "texture": "#12"},
				"down": {"uv": [6, 6, 8, 9], "rotation": 90, "texture": "#12"}
			}
		},
		{
			"name": "LowerArm",
			"from": [18.7831, -5.8974, 11.375],
			"to": [26.7831, -2.8974, 13.125],
			"rotation": {"angle": 22.5, "axis": "z", "origin": [22.7831, -4.3974, 12.25]},
			"faces": {
				"north": {"uv": [0, 0, 3, 8], "rotation": 90, "texture": "#12"},
				"east": {"uv": [4, 8, 2, 11], "texture": "#12"},
				"south": {"uv": [3, 0, 6, 8], "rotation": 270, "texture": "#12"},
				"west": {"uv": [10, 3, 8, 0], "rotation": 180, "texture": "#12"},
				"up": {"uv": [0, 8, 2, 16], "rotation": 270, "texture": "#12"},
				"down": {"uv": [6, 0, 8, 8], "rotation": 270, "texture": "#12"}
			}
		},
		{
			"name": "LowerArm",
			"from": [25.7831, -4.8974, 11.375],
			"to": [28.7831, -1.8974, 13.125],
			"rotation": {"angle": 0, "axis": "y", "origin": [22.7831, -4.3974, 12.25]},
			"faces": {
				"north": {"uv": [0, 0, 3, 3], "texture": "#24"},
				"east": {"uv": [3, 0, 5, 3], "texture": "#24"},
				"south": {"uv": [0, 3, 3, 6], "texture": "#24"},
				"west": {"uv": [3, 3, 5, 6], "texture": "#24"},
				"up": {"uv": [8, 2, 5, 0], "texture": "#24"},
				"down": {"uv": [8, 2, 5, 4], "texture": "#24"}
			}
		},
		{
			"from": [16, 2.99048, 10.57858],
			"to": [18, 8.99048, 13.57858],
			"rotation": {"angle": 22.5, "axis": "z", "origin": [17, 5.99048, 12.07858]},
			"faces": {
				"north": {"uv": [6, 0, 8, 6], "texture": "#16"},
				"east": {"uv": [0, 0, 3, 6], "texture": "#16"},
				"south": {"uv": [0, 6, 2, 12], "texture": "#16"},
				"west": {"uv": [3, 0, 6, 6], "texture": "#16"},
				"up": {"uv": [5, 8, 2, 6], "rotation": 90, "texture": "#16"},
				"down": {"uv": [8, 6, 5, 8], "rotation": 270, "texture": "#16"}
			}
		},
		{
			"from": [13, -5.70711, 10.7579],
			"to": [19, -3.70711, 13.7579],
			"rotation": {"angle": -45, "axis": "z", "origin": [16, -4.70711, 11.70711]},
			"faces": {
				"north": {"uv": [6, 0, 8, 6], "rotation": 90, "texture": "#16"},
				"east": {"uv": [8, 6, 5, 8], "rotation": 180, "texture": "#16"},
				"south": {"uv": [0, 6, 2, 12], "rotation": 270, "texture": "#16"},
				"west": {"uv": [5, 8, 2, 6], "texture": "#16"},
				"up": {"uv": [0, 0, 3, 6], "rotation": 270, "texture": "#16"},
				"down": {"uv": [3, 0, 6, 6], "rotation": 270, "texture": "#16"}
			}
		},
		{
			"from": [16.334, -1.61732, 10.75788],
			"to": [18.334, 2.38268, 13.75788],
			"rotation": {"angle": -22.5, "axis": "z", "origin": [17.334, 0.38268, 12.25788]},
			"faces": {
				"north": {"uv": [6, 0, 8, 6], "texture": "#16"},
				"east": {"uv": [0, 0, 3, 6], "texture": "#16"},
				"south": {"uv": [0, 6, 2, 12], "texture": "#16"},
				"west": {"uv": [3, 0, 6, 6], "texture": "#16"},
				"up": {"uv": [5, 8, 2, 6], "rotation": 90, "texture": "#16"},
				"down": {"uv": [8, 6, 5, 8], "rotation": 270, "texture": "#16"}
			}
		},
		{
			"from": [-16, -7, 12],
			"to": [-7, 2, 12],
			"rotation": {"angle": 0, "axis": "y", "origin": [-10, -6, 11]},
			"faces": {
				"north": {"uv": [0, 0, 5, 5], "texture": "#17"},
				"east": {"uv": [0, 0, 0, 5], "texture": "#missing"},
				"south": {"uv": [0, 5, 5, 10], "texture": "#17"},
				"west": {"uv": [0, 0, 0, 5], "texture": "#missing"},
				"up": {"uv": [5, 0, 0, 0], "texture": "#missing"},
				"down": {"uv": [5, 0, 0, 0], "texture": "#missing"}
			}
		},
		{
			"from": [23, -2, 11.25],
			"to": [31, 0, 13.25],
			"rotation": {"angle": 0, "axis": "y", "origin": [24, -2, 11]},
			"faces": {
				"north": {"uv": [0, 0, 8, 2], "texture": "#20"},
				"east": {"uv": [0, 8, 2, 10], "texture": "#20"},
				"south": {"uv": [0, 2, 8, 4], "texture": "#20"},
				"west": {"uv": [8, 0, 10, 2], "texture": "#20"},
				"up": {"uv": [8, 6, 0, 4], "texture": "#20"},
				"down": {"uv": [8, 6, 0, 8], "texture": "#20"}
			}
		},
		{
			"from": [29, -1.5, 11.75],
			"to": [32, -0.5, 12.75],
			"rotation": {"angle": 0, "axis": "y", "origin": [25, -2, 11]},
			"faces": {
				"north": {"uv": [0, 0, 3, 1], "texture": "#23"},
				"east": {"uv": [3, 0, 4, 1], "texture": "#23"},
				"south": {"uv": [0, 1, 3, 2], "texture": "#23"},
				"west": {"uv": [3, 1, 4, 2], "texture": "#23"},
				"up": {"uv": [3, 3, 0, 2], "texture": "#23"},
				"down": {"uv": [3, 3, 0, 4], "texture": "#23"}
			}
		},
		{
			"from": [23.5, -1, 10.25],
			"to": [27.5, 1, 12.25],
			"rotation": {"angle": 0, "axis": "y", "origin": [23, -2, 11]},
			"faces": {
				"north": {"uv": [0, 0, 4, 2], "texture": "#22"},
				"east": {"uv": [4, 2, 6, 4], "texture": "#22"},
				"south": {"uv": [0, 2, 4, 4], "texture": "#22"},
				"west": {"uv": [4, 4, 6, 6], "texture": "#22"},
				"up": {"uv": [4, 6, 0, 4], "texture": "#22"},
				"down": {"uv": [8, 0, 4, 2], "texture": "#22"}
			}
		},
		{
			"from": [28, -1, 12.25],
			"to": [30, 1, 14.25],
			"rotation": {"angle": 0, "axis": "y", "origin": [23, -2, 11]},
			"faces": {
				"north": {"uv": [0, 0, 2, 2], "texture": "#21"},
				"east": {"uv": [0, 2, 2, 4], "texture": "#21"},
				"south": {"uv": [2, 0, 4, 2], "texture": "#21"},
				"west": {"uv": [2, 2, 4, 4], "texture": "#21"},
				"up": {"uv": [2, 6, 0, 4], "texture": "#21"},
				"down": {"uv": [6, 0, 4, 2], "texture": "#21"}
			}
		}
	],
	"display": {
		"thirdperson_righthand": {
			"scale": [0.25, 0.25, 0.25]
		},
		"thirdperson_lefthand": {
			"scale": [0.25, 0.25, 0.25]
		},
		"firstperson_righthand": {
			"rotation": [0, 154, 0],
			"translation": [0, 6.25, 0],
			"scale": [0.25, 0.25, 0.25]
		},
		"firstperson_lefthand": {
			"rotation": [0, 154, 0],
			"translation": [0, 6.25, 0],
			"scale": [0.25, 0.25, 0.25]
		},
		"ground": {
			"translation": [0, 2.5, 0],
			"scale": [0.25, 0.25, 0.25]
		},
		"gui": {
			"rotation": [0, 180, 0],
			"translation": [0, -1.5, 0],
			"scale": [0.5, 0.5, 0.5]
		},
		"head": {
			"translation": [0, -11, 0],
			"scale": [1.5, 1.5, 1.5]
		},
		"fixed": {
			"rotation": [-90, 0, 0],
			"translation": [0, 0, -39.75],
			"scale": [2, 2, 2]
		}
	},
	"groups": [
		{
			"name": "Main",
			"origin": [8, 7, 8],
			"color": 0,
			"children": [0, 1, 2, 3, 4, 5]
		},
		{
			"name": "Eyestalk Front",
			"origin": [8, 8.12132, -0.70711],
			"color": 0,
			"children": [6, 7, 8]
		},
		{
			"name": "Eyestalk Right",
			"origin": [16, 8.12132, 8.29289],
			"color": 0,
			"children": [9, 10, 11]
		},
		{
			"name": "Eyestalk Left",
			"origin": [0, 8.12132, 8.29289],
			"color": 0,
			"children": [12, 13, 14]
		},
		{
			"name": "Mid",
			"origin": [0, 8.12132, 8.29289],
			"color": 0,
			"children": [15, 16, 17, 18, 19, 20, 21]
		},
		{
			"name": "Arm Front",
			"origin": [8, 8, 8],
			"color": 0,
			"children": [22, 23, 24, 25, 26, 27, 28, 29, 30, 31]
		},
		{
			"name": "Arm Left",
			"origin": [8, 8, 8],
			"color": 0,
			"children": [32, 33, 34, 35, 36, 37, 38, 39, 40]
		},
		{
			"name": "Arm Right",
			"origin": [8, 8, 8],
			"color": 0,
			"children": [41, 42, 43, 44, 45, 46, 47, 48, 49, 50, 51, 52, 53]
		}
	]
}