{
	"credit": "Made with Blockbench",
	"texture_size": [32, 32],
	"textures": {
		"0": "block/TrafficCone/1",
		"1": "block/TrafficCone/2",
		"2": "block/TrafficCone/3",
		"3": "block/TrafficCone/4",
		"particle": "block/TrafficCone/1"
	},
	"elements": [
		{
			"name": "Tip",
			"from": [6, 12, 6],
			"to": [10, 17, 10],
			"faces": {
				"north": {"uv": [0, 0, 4, 5], "texture": "#0"},
				"east": {"uv": [4, 0, 8, 5], "texture": "#0"},
				"south": {"uv": [0, 5, 4, 10], "texture": "#0"},
				"west": {"uv": [4, 5, 8, 10], "texture": "#0"},
				"up": {"uv": [12, 4, 8, 0], "texture": "#0"},
				"down": {"uv": [12, 4, 8, 8], "texture": "#0"}
			}
		},
		{
			"name": "Mid",
			"from": [5, 6, 5],
			"to": [11, 12, 11],
			"faces": {
				"north": {"uv": [0, 0, 3, 3], "texture": "#1"},
				"east": {"uv": [0, 3, 3, 6], "texture": "#1"},
				"south": {"uv": [3, 0, 6, 3], "texture": "#1"},
				"west": {"uv": [3, 3, 6, 6], "texture": "#1"},
				"up": {"uv": [3, 9, 0, 6], "texture": "#1"},
				"down": {"uv": [9, 0, 6, 3], "texture": "#1"}
			}
		},
		{
			"name": "Base",
			"from": [4, 1, 4],
			"to": [12, 6, 12],
			"faces": {
				"north": {"uv": [4, 0, 8, 2.5], "texture": "#2"},
				"east": {"uv": [4, 2.5, 8, 5], "texture": "#2"},
				"south": {"uv": [4, 5, 8, 7.5], "texture": "#2"},
				"west": {"uv": [4, 7.5, 8, 10], "texture": "#2"},
				"up": {"uv": [4, 4, 0, 0], "texture": "#2"},
				"down": {"uv": [4, 4, 0, 8], "texture": "#2"}
			}
		},
		{
			"name": "Rim",
			"from": [2, 0, 2],
			"to": [14, 1, 14],
			"faces": {
				"north": {"uv": [6, 0, 12, 0.5], "texture": "#3"},
				"east": {"uv": [6, 0.5, 12, 1], "texture": "#3"},
				"south": {"uv": [6, 1, 12, 1.5], "texture": "#3"},
				"west": {"uv": [6, 1.5, 12, 2], "texture": "#3"},
				"up": {"uv": [6, 6, 0, 0], "texture": "#3"},
				"down": {"uv": [6, 6, 0, 12], "texture": "#3"}
			}
		}
	],
	"display": {
		"thirdperson_righthand": {
			"rotation": [180, 0, 0],
			"translation": [0, 3.5, 0],
			"scale": [0.75, 0.75, 0.75]
		},
		"thirdperson_lefthand": {
			"rotation": [180, 0, 0],
			"translation": [0, 3.5, 0],
			"scale": [0.75, 0.75, 0.75]
		},
		"ground": {
			"translation": [0, 5.5, 0]
		},
		"gui": {
			"scale": [0.75, 0.75, 0.75]
		},
		"head": {
			"rotation": [0, 45, 0],
			"translation": [0, 16.25, 0],
			"scale": [1.25, 1.25, 1.25]
		},
		"fixed": {
			"rotation": [-90, 0, 0],
			"translation": [0, 0, -16.5],
			"scale": [2, 2, 2]
		}
	}
}