{
	"parent": "item/handheld",
	"textures": {
		"layer0": "item/flint"
	},
	"overrides": [
        
		{"predicate": {"custom_model_data":-1002}, "model":"item/misc/suppressor"},
		{"predicate": {"custom_model_data":-1001}, "model":"item/misc/reflexsight"},
		{"predicate": {"custom_model_data":-1000}, "model":"item/weapons/reticle_pmii"},
        {"predicate": {"custom_model_data":-101}, "model":"item/weapons/ammo_nuke"},
        {"predicate": {"custom_model_data":-100}, "model":"item/weapons/ammo_rocket"},
        {"predicate": {"custom_model_data":-10}, "model":"item/weapons/combatknife"},
		{"predicate": {"custom_model_data":-1}, "model":"item/weapons/stim"},

        {"predicate": {"custom_model_data":0}, "model":"item/flint"},

		{"predicate": {"custom_model_data":   1}, "model":"item/weapons/uzi"},
        {"predicate": {"custom_model_data":   2}, "model":"item/weapons/aug"},
        {"predicate": {"custom_model_data":   3}, "model":"item/weapons/origin12"},
        {"predicate": {"custom_model_data":   4}, "model":"item/weapons/rpg7"},
		{"predicate": {"custom_model_data":   5}, "model":"item/weapons/ak47"},
        {"predicate": {"custom_model_data":   6}, "model":"item/weapons/fnfal"},
        {"predicate": {"custom_model_data":   7}, "model":"item/weapons/m4a1"},
        {"predicate": {"custom_model_data":   8}, "model":"item/weapons/coltpython"},
        {"predicate": {"custom_model_data":   9}, "model":"item/weapons/deserteagle"},
		{"predicate": {"custom_model_data":  10}, "model":"item/weapons/kar98k"},
        {"predicate": {"custom_model_data":11}, "model":"item/fallout/Bottlecap"},
        {"predicate": {"custom_model_data":12}, "model":"item/fallout/22lr"},
        {"predicate": {"custom_model_data":13}, "model":"item/fallout/9mm"},
        {"predicate": {"custom_model_data":14}, "model":"item/fallout/10mmRound"},
        {"predicate": {"custom_model_data":15}, "model":"item/fallout/45acp"},
        {"predicate": {"custom_model_data":16}, "model":"item/fallout/556"},
        {"predicate": {"custom_model_data":17}, "model":"item/fallout/308"},
        {"predicate": {"custom_model_data":18}, "model":"item/fallout/20g"},
        {"predicate": {"custom_model_data":19}, "model":"item/fallout/12g"},
        {"predicate": {"custom_model_data":20}, "model":"item/fallout/MFC"},
        {"predicate": {"custom_model_data":21}, "model":"item/fallout/FlamerFuel"},
        {"predicate": {"custom_model_data":22}, "model":"item/fallout/20mmGrenade"},
        {"predicate": {"custom_model_data":23}, "model":"item/fallout/ChemicalBlue"},
        {"predicate": {"custom_model_data":24}, "model":"item/fallout/ChemicalGrey"},
        {"predicate": {"custom_model_data":25}, "model":"item/fallout/ChemicalWhite"},
        {"predicate": {"custom_model_data":26}, "model":"item/fallout/ChemBerryMentats"},
        {"predicate": {"custom_model_data":27}, "model":"item/fallout/ChemBuffout"},
        {"predicate": {"custom_model_data":28}, "model":"item/fallout/ChemCatsEye"},
        {"predicate": {"custom_model_data":29}, "model":"item/fallout/ChemGrapeMentats"},
        {"predicate": {"custom_model_data":30}, "model":"item/fallout/ChemJet"},
        {"predicate": {"custom_model_data":31}, "model":"item/fallout/ChemMedX"},
        {"predicate": {"custom_model_data":32}, "model":"item/fallout/ChemMentats"},
        {"predicate": {"custom_model_data":33}, "model":"item/fallout/ChemOrangeMentats"},
        {"predicate": {"custom_model_data":34}, "model":"item/fallout/ChemPills"},
        {"predicate": {"custom_model_data":35}, "model":"item/fallout/ChemPsycho"},
        {"predicate": {"custom_model_data":36}, "model":"item/fallout/ChemRadX"},
        {"predicate": {"custom_model_data":37}, "model":"item/fallout/DrinkBeer"},
        {"predicate": {"custom_model_data":38}, "model":"item/fallout/DrinkBrownLiquor"},
        {"predicate": {"custom_model_data":39}, "model":"item/fallout/DrinkGreenLiquor"},
        {"predicate": {"custom_model_data":40}, "model":"item/fallout/DrinkMoonshine"},
        {"predicate": {"custom_model_data":41}, "model":"item/fallout/DrinkNukaCherry"},
        {"predicate": {"custom_model_data":42}, "model":"item/fallout/DrinkNukaCola"},
        {"predicate": {"custom_model_data":43}, "model":"item/fallout/DrinkNukaQuantum"},
        {"predicate": {"custom_model_data":44}, "model":"item/fallout/DrinkNukaQuartz"},
        {"predicate": {"custom_model_data":45}, "model":"item/fallout/DrinkNukaShine"},
        {"predicate": {"custom_model_data":46}, "model":"item/fallout/DrinkNukaVictory"},
        {"predicate": {"custom_model_data":47}, "model":"item/fallout/DrinkSunset"},
        {"predicate": {"custom_model_data":48}, "model":"item/fallout/DrinkWhiskey"},
        {"predicate": {"custom_model_data":49}, "model":"item/fallout/DrinkWine"},
        {"predicate": {"custom_model_data":50}, "model":"item/fallout/FissionBattery"},
        {"predicate": {"custom_model_data":51}, "model":"item/fallout/FoodBlamco"},
        {"predicate": {"custom_model_data":52}, "model":"item/fallout/FoodCram"},
        {"predicate": {"custom_model_data":53}, "model":"item/fallout/FoodFancyLad"},
        {"predicate": {"custom_model_data":54}, "model":"item/fallout/FoodKabab"},
        {"predicate": {"custom_model_data":55}, "model":"item/fallout/FoodMutfruit"},
        {"predicate": {"custom_model_data":56}, "model":"item/fallout/FoodPotatoCrisps"},
        {"predicate": {"custom_model_data":57}, "model":"item/fallout/FoodSalsburySteak"},
        {"predicate": {"custom_model_data":58}, "model":"item/fallout/FoodSugarbombs"},
        {"predicate": {"custom_model_data":59}, "model":"item/fallout/FoodYumYum"},
        {"predicate": {"custom_model_data":60}, "model":"item/fallout/FusionCore"},
        {"predicate": {"custom_model_data":61}, "model":"item/fallout/JunkAbraxo"},
        {"predicate": {"custom_model_data":62}, "model":"item/fallout/JunkCan"},
        {"predicate": {"custom_model_data":63}, "model":"item/fallout/JunkCash"},
        {"predicate": {"custom_model_data":64}, "model":"item/fallout/JunkDuctTape"},
        {"predicate": {"custom_model_data":65}, "model":"item/fallout/JunkPlunger"},
        {"predicate": {"custom_model_data":66}, "model":"item/fallout/JunkRustyCan"},
        {"predicate": {"custom_model_data":67}, "model":"item/fallout/JunkTin"},
        {"predicate": {"custom_model_data":68}, "model":"item/fallout/JunkWonderglue"},
        {"predicate": {"custom_model_data":69}, "model":"item/fallout/SmokeCigarCarton"},
        {"predicate": {"custom_model_data":70}, "model":"item/fallout/SpareParts"},
        {"predicate": {"custom_model_data":71}, "model":"item/fallout/PipBoy3000MkV"},
        {"predicate": {"custom_model_data":72}, "model":"item/fallout/MedPackBlood"},
        {"predicate": {"custom_model_data":73}, "model":"item/fallout/MedPackEmpty"},
        {"predicate": {"custom_model_data":74}, "model":"item/fallout/MedPackRadAway"},
        {"predicate": {"custom_model_data":75}, "model":"item/fallout/MedPackRads"},
        {"predicate": {"custom_model_data":76}, "model":"item/fallout/MedStimpack"},
        {"predicate": {"custom_model_data":77}, "model":"item/fallout/MedSyringe"},
        {"predicate": {"custom_model_data":78}, "model":"item/fallout/MedSyringeBlue"},
        {"predicate": {"custom_model_data":79}, "model":"item/fallout/MedSyringeGreen"},
        {"predicate": {"custom_model_data":80}, "model":"item/fallout/SmokeBigCarton"},
        {"predicate": {"custom_model_data":81}, "model":"item/fallout/SmokeBigPack"},
        {"predicate": {"custom_model_data":82}, "model":"item/fallout/SmokeGreyCarton"},
        {"predicate": {"custom_model_data":83}, "model":"item/fallout/SmokeGreyPack"},
        {"predicate": {"custom_model_data":84}, "model":"item/fallout/SmokeLuckyCarton"},
        {"predicate": {"custom_model_data":85}, "model":"item/fallout/SmokeLuckyPack"},
        {"predicate": {"custom_model_data":86}, "model":"item/fallout/SmokeLuckyGreenCarton"},
        {"predicate": {"custom_model_data":87}, "model":"item/fallout/SmokeLuckyGreenPack"},
        {"predicate": {"custom_model_data":88}, "model":"item/fallout/SmokeCigar"},
        {"predicate": {"custom_model_data":89}, "model":"item/fallout/SmokeCigarLit"},
        {"predicate": {"custom_model_data":90}, "model":"item/fallout/SmokeCigarette"},
        {"predicate": {"custom_model_data":91}, "model":"item/fallout/SmokeCigaretteLit"},
        {"predicate": {"custom_model_data":92}, "model":"item/fallout/ToyCar"},
        {"predicate": {"custom_model_data":93}, "model":"item/fallout/ToyRocket"},
        {"predicate": {"custom_model_data":94}, "model":"item/decor/GasCan"},
        {"predicate": {"custom_model_data":95}, "model":"item/decor/TurretClose"},
        {"predicate": {"custom_model_data":96}, "model":"item/decor/TurretOpen"},
        {"predicate": {"custom_model_data":97}, "model":"item/decor/TVOff"},
        {"predicate": {"custom_model_data":98}, "model":"item/decor/TVOn"},
        {"predicate": {"custom_model_data":99}, "model":"item/fallout/Turpentine"},
        {"predicate": {"custom_model_data":100}, "model":"item/fallout/38"},

        {"predicate": {"custom_model_data":1001}, "model":"item/weapons/uziaiming"},
        {"predicate": {"custom_model_data":1002}, "model":"item/weapons/augaiming"},
        {"predicate": {"custom_model_data":1003}, "model":"item/weapons/origin12aiming"},
        {"predicate": {"custom_model_data":1004}, "model":"item/weapons/rpg7aiming"},
        {"predicate": {"custom_model_data":1005}, "model":"item/weapons/ak47aiming"},
        {"predicate": {"custom_model_data":1006}, "model":"item/weapons/fnfalaiming"},
        {"predicate": {"custom_model_data":1007}, "model":"item/weapons/m4a1aiming"},
        {"predicate": {"custom_model_data":1008}, "model":"item/weapons/coltpythonaiming"},
        {"predicate": {"custom_model_data":1009}, "model":"item/weapons/deserteagleaiming"},
        {"predicate": {"custom_model_data":1010}, "model":"item/weapons/kar98kaiming"},
        {"predicate": {"custom_model_data":1011}, "model":"item/weapons/mg34aiming"},
        {"predicate": {"custom_model_data":1012}, "model":"item/weapons/famasg2aiming"},
        {"predicate": {"custom_model_data":1013}, "model":"item/weapons/reticle_pmii"},
        {"predicate": {"custom_model_data":1014}, "model":"item/weapons/dp12aiming"},
        {"predicate": {"custom_model_data":1015}, "model":"item/weapons/stg44aiming"},
        {"predicate": {"custom_model_data":1016}, "model":"item/weapons/fatmanaiming"},
        {"predicate": {"custom_model_data":1017}, "model":"item/weapons/fatman_rockaiming"},

        {"predicate": {"custom_model_data":2001}, "model":"item/weapons/uzisprinting"},
        {"predicate": {"custom_model_data":2002}, "model":"item/weapons/augsprinting"},
        {"predicate": {"custom_model_data":2003}, "model":"item/weapons/origin12sprinting"},
        {"predicate": {"custom_model_data":2004}, "model":"item/weapons/rpg7sprinting"},
        {"predicate": {"custom_model_data":2005}, "model":"item/weapons/ak47sprinting"},
        {"predicate": {"custom_model_data":2006}, "model":"item/weapons/fnfalsprinting"},
        {"predicate": {"custom_model_data":2007}, "model":"item/weapons/m4a1sprinting"},
        {"predicate": {"custom_model_data":2008}, "model":"item/weapons/coltpythonsprinting"},
        {"predicate": {"custom_model_data":2009}, "model":"item/weapons/deserteaglesprinting"},
        {"predicate": {"custom_model_data":2010}, "model":"item/weapons/kar98ksprinting"},
        {"predicate": {"custom_model_data":2011}, "model":"item/weapons/mg34sprinting"},
        {"predicate": {"custom_model_data":2012}, "model":"item/weapons/famasg2sprinting"},
        {"predicate": {"custom_model_data":2013}, "model":"item/weapons/ax50sprinting"},
        {"predicate": {"custom_model_data":2014}, "model":"item/weapons/dp12sprinting"},
        {"predicate": {"custom_model_data":2015}, "model":"item/weapons/stg44sprinting"},
        {"predicate": {"custom_model_data":2016}, "model":"item/weapons/fatmansprinting"},
        {"predicate": {"custom_model_data":2017}, "model":"item/weapons/fatman_rocksprinting"},

        {"predicate": {"custom_model_data":3012}, "model":"item/weapons/famasg2reloading"},

        {"predicate": {"custom_model_data":4016}, "model":"item/weapons/fatman_empty"},
        {"predicate": {"custom_model_data":4017}, "model":"item/weapons/fatman_empty"},

        {"predicate": {"custom_model_data":10004}, "model":"item/weapons/rpg7_blue"},
        {"predicate": {"custom_model_data":10005}, "model":"item/weapons/ak47_blue"},
        {"predicate": {"custom_model_data":11004}, "model":"item/weapons/rpg7_blueaiming"},
        {"predicate": {"custom_model_data":11005}, "model":"item/weapons/ak47_blueaiming"},
        {"predicate": {"custom_model_data":12004}, "model":"item/weapons/rpg7_bluesprinting"},
        {"predicate": {"custom_model_data":12005}, "model":"item/weapons/ak47_bluesprinting"},

        {"predicate": {"custom_model_data":20004}, "model":"item/weapons/rpg7_red"},
        {"predicate": {"custom_model_data":20005}, "model":"item/weapons/ak47_red"},

        {"predicate": {"custom_model_data":21004}, "model":"item/weapons/rpg7_redaiming"},
        {"predicate": {"custom_model_data":21005}, "model":"item/weapons/ak47_redaiming"},
        
        {"predicate": {"custom_model_data":22004}, "model":"item/weapons/rpg7_redsprinting"},
        {"predicate": {"custom_model_data":22005}, "model":"item/weapons/ak47_redsprinting"},

        {"predicate": {"custom_model_data": 100007}, "model":"item/weapons/m4a1_reflexsight"},
        {"predicate": {"custom_model_data": 100015}, "model":"item/weapons/stg44_reflexsight"},

        {"predicate": {"custom_model_data": 101007}, "model":"item/weapons/m4a1_reflexsightaiming"},
        {"predicate": {"custom_model_data": 101015}, "model":"item/weapons/stg44_reflexsightaiming"},

        {"predicate": {"custom_model_data": 102007}, "model":"item/weapons/m4a1_reflexsightsprinting"},
        {"predicate": {"custom_model_data": 102015}, "model":"item/weapons/stg44_reflexsightsprinting"},

		{"predicate": {"custom_model_data":1000007}, "model":"item/weapons/m4a1_suppressor"},

        {"predicate": {"custom_model_data":1001007}, "model":"item/weapons/m4a1_suppressoraiming"},
        {"predicate": {"custom_model_data":1002007}, "model":"item/weapons/m4a1_suppressorsprinting"},

        {"predicate": {"custom_model_data":1100007}, "model":"item/weapons/m4a1_reflexsight_suppressor"},

        {"predicate": {"custom_model_data":1101007}, "model":"item/weapons/m4a1_reflexsight_suppressoraiming"},

        {"predicate": {"custom_model_data":1102007}, "model":"item/weapons/m4a1_reflexsight_suppressorsprinting"}
	]
}