{
	"credit": "Made with Blockbench",
	"texture_size": [32, 32],
	"textures": {
		"0": "block/CurtainMiddle/1",
		"1": "block/CurtainMiddle/2",
		"2": "block/CurtainMiddle/3",
		"particle": "block/CurtainMiddle/1"
	},
	"elements": [
		{
			"name": "Curtain",
			"from": [7.5, 0, 0],
			"to": [8.5, 29, 16],
			"rotation": {"angle": 0, "axis": "y", "origin": [7, 0, 0]},
			"faces": {
				"north": {"uv": [8, 0, 8.25, 8.75], "texture": "#0"},
				"east": {"uv": [0, 0, 4, 8.75], "texture": "#0"},
				"south": {"uv": [8.25, 0, 8.5, 8.75], "texture": "#0"},
				"west": {"uv": [4, 0, 8, 8.75], "texture": "#0"},
				"up": {"uv": [8.75, 4, 8.5, 0], "texture": "#0"},
				"down": {"uv": [8.75, 4, 8.5, 8], "texture": "#0"}
			}
		},
		{
			"name": "Rings",
			"from": [8, 29, 0],
			"to": [8, 30, 16],
			"rotation": {"angle": 0, "axis": "y", "origin": [7, 0, 0]},
			"faces": {
				"north": {"uv": [0, 0, 0, 1], "texture": "#1"},
				"east": {"uv": [0, 0, 16, 1], "texture": "#1"},
				"south": {"uv": [0, 0, 0, 1], "texture": "#1"},
				"west": {"uv": [0, 1, 16, 2], "texture": "#1"},
				"up": {"uv": [0, 16, 0, 0], "texture": "#1"},
				"down": {"uv": [0, 0, 0, 16], "texture": "#1"}
			}
		},
		{
			"name": "Rod",
			"from": [7, 30, 0],
			"to": [9, 32, 16],
			"rotation": {"angle": 0, "axis": "y", "origin": [0, 30, 0]},
			"faces": {
				"north": {"uv": [2, 2, 3, 3], "texture": "#2"},
				"east": {"uv": [0, 0, 8, 1], "texture": "#2"},
				"south": {"uv": [2, 3, 3, 4], "texture": "#2"},
				"west": {"uv": [0, 1, 8, 2], "texture": "#2"},
				"up": {"uv": [1, 10, 0, 2], "texture": "#2"},
				"down": {"uv": [2, 2, 1, 10], "texture": "#2"}
			}
		}
	],
	"display": {
		"thirdperson_righthand": {
			"translation": [0, -5.75, 0],
			"scale": [0.5, 0.5, 0.5]
		},
		"thirdperson_lefthand": {
			"translation": [0, -5.75, 0],
			"scale": [0.5, 0.5, 0.5]
		},
		"firstperson_righthand": {
			"scale": [0.5, 0.5, 0.5]
		},
		"firstperson_lefthand": {
			"scale": [0.5, 0.5, 0.5]
		},
		"ground": {
			"translation": [0, 2.25, 0],
			"scale": [0.5, 0.5, 0.5]
		},
		"gui": {
			"rotation": [0, 90, 0],
			"translation": [0, -4, 0],
			"scale": [0.5, 0.5, 0.5]
		},
		"head": {
			"rotation": [-3, 90, 0],
			"translation": [0, -30, 5.25]
		},
		"fixed": {
			"rotation": [-90, 0, 0],
			"translation": [0, 0, 44],
			"scale": [2, 2, 2]
		}
	}
}