{
	"credit": "Made with Blockbench",
	"textures": {
		"0": "block/IvStand/1",
		"1": "block/IvStand/2",
		"2": "block/IvStand/3",
		"3": "block/IvStand/4",
		"4": "block/IvStand/5",
		"5": "block/IvStand/6",
		"particle": "block/IvStand/1"
	},
	"elements": [
		{
			"name": "Leg1",
			"from": [0, -8, 0],
			"to": [2, -6, 21],
			"rotation": {"angle": 45, "axis": "y", "origin": [1, -9, 1]},
			"faces": {
				"north": {"uv": [2, 2, 3, 3], "texture": "#0"},
				"east": {"uv": [0, 0, 10.5, 1], "texture": "#0"},
				"south": {"uv": [2, 3, 3, 4], "texture": "#0"},
				"west": {"uv": [0, 1, 10.5, 2], "texture": "#0"},
				"up": {"uv": [1, 12.5, 0, 2], "texture": "#0"},
				"down": {"uv": [2, 2, 1, 12.5], "texture": "#0"}
			}
		},
		{
			"name": "Leg2",
			"from": [-2.78249, -8, 6.71751],
			"to": [18.21751, -6, 8.71751],
			"rotation": {"angle": 45, "axis": "y", "origin": [7.71751, -7, 7.71751]},
			"faces": {
				"north": {"uv": [0, 0, 10.5, 1], "texture": "#1"},
				"east": {"uv": [0, 4, 1, 5], "texture": "#1"},
				"south": {"uv": [0, 1, 10.5, 2], "texture": "#1"},
				"west": {"uv": [1, 4, 2, 5], "texture": "#1"},
				"up": {"uv": [10.5, 3, 0, 2], "texture": "#1"},
				"down": {"uv": [10.5, 3, 0, 4], "texture": "#1"}
			}
		},
		{
			"name": "MainArm",
			"from": [6.75, -9, 6.71751],
			"to": [8.75, 20, 8.71751],
			"rotation": {"angle": 45, "axis": "y", "origin": [7.71751, -16, 7.71751]},
			"faces": {
				"north": {"uv": [0, 0, 0.5, 9.75], "texture": "#2"},
				"east": {"uv": [0.5, 0, 1, 9.75], "texture": "#2"},
				"south": {"uv": [1, 0, 1.5, 9.75], "texture": "#2"},
				"west": {"uv": [1.5, 0, 2, 9.75], "texture": "#2"},
				"up": {"uv": [2.5, 0.5, 2, 0], "texture": "#2"},
				"down": {"uv": [2.5, 0.5, 2, 1], "texture": "#2"}
			}
		},
		{
			"name": "Wheel1",
			"from": [0, -10, 0],
			"to": [2, -8, 2],
			"rotation": {"angle": 0, "axis": "y", "origin": [0, -10, 0]},
			"faces": {
				"north": {"uv": [0, 0, 2, 2], "texture": "#3"},
				"east": {"uv": [0, 2, 2, 4], "texture": "#3"},
				"south": {"uv": [2, 0, 4, 2], "texture": "#3"},
				"west": {"uv": [2, 2, 4, 4], "texture": "#3"},
				"up": {"uv": [2, 6, 0, 4], "texture": "#3"},
				"down": {"uv": [6, 0, 4, 2], "texture": "#3"}
			}
		},
		{
			"name": "Wheel2",
			"from": [14, -10, 0],
			"to": [16, -8, 2],
			"rotation": {"angle": 0, "axis": "y", "origin": [14, -10, 0]},
			"faces": {
				"north": {"uv": [0, 0, 2, 2], "texture": "#3"},
				"east": {"uv": [0, 0, 2, 2], "texture": "#3"},
				"south": {"uv": [0, 0, 2, 2], "texture": "#3"},
				"west": {"uv": [0, 0, 2, 2], "texture": "#3"},
				"up": {"uv": [0, 0, 2, 2], "texture": "#3"},
				"down": {"uv": [0, 0, 2, 2], "texture": "#3"}
			}
		},
		{
			"name": "Wheel3",
			"from": [0, -10, 14],
			"to": [2, -8, 16],
			"rotation": {"angle": 0, "axis": "y", "origin": [0, -10, 14]},
			"faces": {
				"north": {"uv": [0, 0, 2, 2], "texture": "#3"},
				"east": {"uv": [0, 0, 2, 2], "texture": "#3"},
				"south": {"uv": [0, 0, 2, 2], "texture": "#3"},
				"west": {"uv": [0, 0, 2, 2], "texture": "#3"},
				"up": {"uv": [0, 0, 2, 2], "texture": "#3"},
				"down": {"uv": [0, 0, 2, 2], "texture": "#3"}
			}
		},
		{
			"name": "Wheel4",
			"from": [14, -10, 14],
			"to": [16, -8, 16],
			"rotation": {"angle": 0, "axis": "y", "origin": [14, -10, 14]},
			"faces": {
				"north": {"uv": [0, 0, 2, 2], "texture": "#3"},
				"east": {"uv": [0, 0, 2, 2], "texture": "#3"},
				"south": {"uv": [0, 0, 2, 2], "texture": "#3"},
				"west": {"uv": [0, 0, 2, 2], "texture": "#3"},
				"up": {"uv": [0, 0, 2, 2], "texture": "#3"},
				"down": {"uv": [0, 0, 2, 2], "texture": "#3"}
			}
		},
		{
			"name": "Arm",
			"from": [0, 20, 6],
			"to": [16, 22, 9],
			"rotation": {"angle": 0, "axis": "y", "origin": [7, 20, 6]},
			"faces": {
				"north": {"uv": [0, 6, 16, 8], "texture": "#4"},
				"east": {"uv": [0, 10, 3, 12], "texture": "#4"},
				"south": {"uv": [0, 8, 16, 10], "texture": "#4"},
				"west": {"uv": [3, 10, 6, 12], "texture": "#4"},
				"up": {"uv": [16, 3, 0, 0], "texture": "#4"},
				"down": {"uv": [16, 3, 0, 6], "texture": "#4"}
			}
		},
		{
			"name": "Arm",
			"from": [0.1, 14, 7],
			"to": [0.1, 20, 8],
			"rotation": {"angle": 0, "axis": "y", "origin": [7, 20, 6]},
			"faces": {
				"north": {"uv": [0, 0, 0, 6], "texture": "#5"},
				"east": {"uv": [0, 0, 1, 6], "texture": "#5"},
				"south": {"uv": [0, 0, 0, 6], "texture": "#5"},
				"west": {"uv": [1, 0, 2, 6], "texture": "#5"},
				"up": {"uv": [0, 1, 0, 0], "texture": "#5"},
				"down": {"uv": [0, 0, 0, 1], "texture": "#5"}
			}
		},
		{
			"name": "Arm",
			"from": [15.9, 14, 7],
			"to": [15.9, 20, 8],
			"rotation": {"angle": 0, "axis": "y", "origin": [23, 20, 6]},
			"faces": {
				"north": {"uv": [0, 0, 0, 6], "texture": "#5"},
				"east": {"uv": [0, 0, 1, 6], "texture": "#5"},
				"south": {"uv": [0, 0, 0, 6], "texture": "#5"},
				"west": {"uv": [1, 0, 2, 6], "texture": "#5"},
				"up": {"uv": [0, 1, 0, 0], "texture": "#5"},
				"down": {"uv": [0, 0, 0, 1], "texture": "#5"}
			}
		}
	],
	"display": {
		"thirdperson_righthand": {
			"rotation": [180, 0, 0],
			"translation": [0, 0, 1.5],
			"scale": [0.5, 0.5, 0.5]
		},
		"thirdperson_lefthand": {
			"rotation": [180, 0, 0],
			"translation": [0, 0, 1.5],
			"scale": [0.5, 0.5, 0.5]
		},
		"ground": {
			"translation": [0, 7.25, 0],
			"scale": [0.5, 0.5, 0.5]
		},
		"gui": {
			"rotation": [0, 17, 0],
			"translation": [0, 1, 0],
			"scale": [0.45, 0.45, 0.45]
		},
		"head": {
			"translation": [0, 23.25, 0]
		},
		"fixed": {
			"rotation": [-90, 0, 0],
			"translation": [0, 0, 28],
			"scale": [2, 2, 2]
		}
	}
}