{
	"credit": "Made with Blockbench",
	"textures": {
		"0": "block/TerminalOff/1",
		"1": "block/TerminalOff/2",
		"2": "block/TerminalOff/3",
		"3": "block/TerminalOff/4",
		"4": "block/TerminalOff/5",
		"particle": "block/TerminalOff/1"
	},
	"elements": [
		{
			"name": "Bod",
			"from": [0, 0, 4],
			"to": [16, 14, 15],
			"faces": {
				"north": {"uv": [0, 0, 4, 3.5], "texture": "#0"},
				"east": {"uv": [4, 5.5, 6.75, 9], "texture": "#0"},
				"south": {"uv": [0, 3.5, 4, 7], "texture": "#0"},
				"west": {"uv": [6.75, 5.5, 9.5, 9], "texture": "#0"},
				"up": {"uv": [8, 2.75, 4, 0], "texture": "#0"},
				"down": {"uv": [8, 2.75, 4, 5.5], "texture": "#0"}
			}
		},
		{
			"name": "Backplate",
			"from": [0, 4, 15],
			"to": [16, 12, 16],
			"faces": {
				"north": {"uv": [0, 0, 8, 4], "texture": "#1"},
				"east": {"uv": [8, 0.5, 8.5, 4.5], "texture": "#1"},
				"south": {"uv": [0, 4, 8, 8], "texture": "#1"},
				"west": {"uv": [8, 4.5, 8.5, 8.5], "texture": "#1"},
				"up": {"uv": [8, 8.5, 0, 8], "texture": "#1"},
				"down": {"uv": [16, 0, 8, 0.5], "texture": "#1"}
			}
		},
		{
			"name": "Frontbase",
			"from": [0, 0, 0],
			"to": [16, 2, 4],
			"faces": {
				"north": {"uv": [0, 8, 16, 10], "texture": "#2"},
				"east": {"uv": [0, 12, 4, 14], "texture": "#2"},
				"south": {"uv": [0, 10, 16, 12], "texture": "#2"},
				"west": {"uv": [4, 12, 8, 14], "texture": "#2"},
				"up": {"uv": [16, 4, 0, 0], "texture": "#2"},
				"down": {"uv": [16, 4, 0, 8], "texture": "#2"}
			}
		},
		{
			"name": "Keys",
			"from": [1, 3.5, -0.5],
			"to": [15, 4.5, 4.5],
			"rotation": {"angle": -45, "axis": "x", "origin": [8, 4, 3.5]},
			"faces": {
				"north": {"uv": [0, 10, 14, 11], "texture": "#3"},
				"east": {"uv": [0, 12, 5, 13], "texture": "#3"},
				"south": {"uv": [0, 11, 14, 12], "texture": "#3"},
				"west": {"uv": [5, 12, 10, 13], "texture": "#3"},
				"up": {"uv": [14, 5, 0, 0], "texture": "#3"},
				"down": {"uv": [14, 5, 0, 10], "texture": "#3"}
			}
		},
		{
			"name": "Keyplate",
			"from": [1.1, 2, 2],
			"to": [14.85, 4, 5],
			"rotation": {"angle": -45, "axis": "x", "origin": [2, 3, 4]},
			"faces": {
				"north": {"uv": [0, 6, 14, 8], "texture": "#4"},
				"east": {"uv": [0, 10, 3, 12], "texture": "#4"},
				"south": {"uv": [0, 8, 14, 10], "texture": "#4"},
				"west": {"uv": [3, 10, 6, 12], "texture": "#4"},
				"up": {"uv": [14, 3, 0, 0], "texture": "#4"},
				"down": {"uv": [14, 3, 0, 6], "texture": "#4"}
			}
		}
	],
	"display": {
		"thirdperson_righthand": {
			"scale": [0.5, 0.5, 0.5]
		},
		"thirdperson_lefthand": {
			"scale": [0.5, 0.5, 0.5]
		},
		"firstperson_righthand": {
			"rotation": [0, 150, 0],
			"translation": [0, 4, 0],
			"scale": [0.5, 0.5, 0.5]
		},
		"firstperson_lefthand": {
			"rotation": [0, 150, 0],
			"translation": [0, 4, 0],
			"scale": [0.5, 0.5, 0.5]
		},
		"ground": {
			"translation": [0, 4.5, 0]
		},
		"gui": {
			"rotation": [0, 180, 0]
		},
		"head": {
			"translation": [0, 1.75, -1.5],
			"scale": [1.25, 1.25, 1.25]
		},
		"fixed": {
			"rotation": [-90, 0, 0],
			"translation": [0, -1, 14],
			"scale": [2.25, 2.25, 2.25]
		}
	}
}