{
	"credit": "Made with Blockbench",
	"textures": {
		"0": "block/Cleaver/Grip",
		"2": "block/Cleaver/Pommel",
		"3": "block/Cleaver/BladeBody",
		"particle": "block/Cleaver/Grip"
	},
	"elements": [
		{
			"name": "Blade Body",
			"from": [6.65, 6, 7.65],
			"to": [11.35, 15, 8.35],
			"rotation": {"angle": 0, "axis": "y", "origin": [9, 15.75, 8]},
			"faces": {
				"north": {"uv": [0, 0, 3, 5], "texture": "#3"},
				"east": {"uv": [0, 5, 1, 10], "texture": "#3"},
				"south": {"uv": [3, 0, 6, 5], "texture": "#3"},
				"west": {"uv": [1, 5, 2, 10], "texture": "#3"},
				"up": {"uv": [5, 6, 2, 5], "texture": "#3"},
				"down": {"uv": [8, 5, 5, 6], "texture": "#3"}
			}
		},
		{
			"name": "Pommel",
			"from": [6.75, 0, 7],
			"to": [9.25, 1, 9],
			"faces": {
				"north": {"uv": [3, 0, 6, 1], "texture": "#2"},
				"east": {"uv": [3, 2, 5, 3], "texture": "#2"},
				"south": {"uv": [3, 1, 6, 2], "texture": "#2"},
				"west": {"uv": [3, 3, 5, 4], "texture": "#2"},
				"up": {"uv": [3, 2, 0, 0], "texture": "#2"},
				"down": {"uv": [3, 2, 0, 4], "texture": "#2"}
			}
		},
		{
			"name": "Pommel",
			"from": [6.75, 5, 7],
			"to": [9.25, 6, 9],
			"rotation": {"angle": 0, "axis": "y", "origin": [0, 5, 0]},
			"faces": {
				"north": {"uv": [3, 0, 6, 1], "texture": "#2"},
				"east": {"uv": [3, 2, 5, 3], "texture": "#2"},
				"south": {"uv": [3, 1, 6, 2], "texture": "#2"},
				"west": {"uv": [3, 3, 5, 4], "texture": "#2"},
				"up": {"uv": [3, 2, 0, 0], "texture": "#2"},
				"down": {"uv": [3, 2, 0, 4], "texture": "#2"}
			}
		},
		{
			"name": "Grip",
			"from": [7.125, 1, 7.125],
			"to": [8.875, 6, 8.875],
			"rotation": {"angle": 0, "axis": "y", "origin": [8.025, 3.5, 8.025]},
			"faces": {
				"north": {"uv": [0, 0, 2, 5], "texture": "#0"},
				"east": {"uv": [2, 0, 4, 5], "texture": "#0"},
				"south": {"uv": [4, 0, 6, 5], "texture": "#0"},
				"west": {"uv": [0, 5, 2, 10], "texture": "#0"},
				"up": {"uv": [4, 7, 2, 5], "texture": "#0"},
				"down": {"uv": [6, 5, 4, 7], "texture": "#0"}
			}
		}
	],
	"display": {
		"thirdperson_righthand": {
			"rotation": [0, 90, 0],
			"translation": [0, 2.5, 1.25]
		},
		"firstperson_righthand": {
			"rotation": [-13, 90, 0],
			"translation": [0, 3.75, 0]
		},
		"firstperson_lefthand": {
			"rotation": [-13, -90, 0],
			"translation": [0, 3.75, 0]
		},
		"ground": {
			"rotation": [90, 0, 90]
		},
		"gui": {
			"rotation": [0, 180, 45],
			"translation": [0.5, -0.5, 0]
		}
	},
	"groups": [
		{
			"name": "Blade",
			"origin": [8, 12, 8],
			"color": 0,
			"children": [0]
		},
		{
			"name": "Handle",
			"origin": [8.025, 3.5, 8.025],
			"color": 0,
			"children": [1, 2, 3]
		}
	]
}